time,activityType,lapNumber,distance,speed,calories,lat,long,elevation,heartRate,cycles
0,0,1,0.0,0.0,0,52.147912,-0.459622,37.8,,5
1,0,1,0.0,0.0,0,52.147923,-0.459614,37.8,,0
2,0,1,1.02,1.02,0,52.147929,-0.459619,37.8,,1
3,0,1,2.4,1.38,0,52.147932,-0.459634,37.8,,1
4,0,1,3.95,1.55,0,52.147931,-0.459655,37.8,,3
5,0,1,5.67,1.72,0,52.147926,-0.459681,37.8,,3
6,0,1,7.59,1.92,0,52.147916,-0.459707,37.8,,2
7,0,1,9.73,2.14,0,52.147902,-0.459732,37.8,,3
8,0,1,11.97,2.24,0,52.147886,-0.459756,37.8,,2
9,0,1,14.26,2.28,1,52.147871,-0.459781,37.9,,3
10,0,1,16.55,2.29,1,52.147858,-0.459807,37.9,,2
11,0,1,18.88,2.33,1,52.147846,-0.459836,37.9,,3
12,0,1,21.31,2.43,1,52.147834,-0.459866,37.9,,3
13,0,1,23.85,2.54,1,52.147822,-0.459898,37.9,,3
14,0,1,26.48,2.64,2,52.147808,-0.459932,37.9,,2
15,0,1,29.14,2.66,2,52.147793,-0.459965,38.0,,3
16,0,1,31.84,2.7,2,52.147778,-0.459998,38.0,,3
17,0,1,34.64,2.8,2,52.147761,-0.460029,38.0,,2
18,0,1,37.5,2.87,2,52.147743,-0.460059,38.0,,3
19,0,1,40.42,2.92,3,52.147725,-0.460086,38.0,,2
20,0,1,43.34,2.91,3,52.147708,-0.460112,38.0,,3
21,0,1,46.18,2.85,3,52.147695,-0.460138,38.0,,2
22,0,1,49.02,2.84,3,52.147687,-0.460167,38.0,,3
23,0,1,51.86,2.84,4,52.147681,-0.460197,37.9,,2
24,0,1,54.7,2.84,4,52.147675,-0.460228,37.9,,3
25,0,1,57.54,2.84,4,52.147668,-0.460261,37.9,,3
26,0,1,60.38,2.84,4,52.14766,-0.460294,37.9,,2
27,0,1,63.22,2.84,5,52.14765,-0.460327,37.9,,3
28,0,1,66.06,2.84,5,52.14764,-0.46036,37.9,,3
29,0,1,68.9,2.84,5,52.147629,-0.460393,37.9,,2
30,0,1,71.73,2.84,5,52.147618,-0.460425,37.9,,3
31,0,1,74.57,2.83,5,52.147608,-0.460456,37.9,,3
32,0,1,77.4,2.83,6,52.147597,-0.460487,37.9,,2
33,0,1,80.23,2.83,6,52.147587,-0.460516,37.9,,3
34,0,1,83.06,2.83,6,52.147576,-0.460545,37.9,,3
35,0,1,85.89,2.83,6,52.147564,-0.460573,37.9,,2
36,0,1,88.72,2.83,7,52.147552,-0.460603,38.0,,3
37,0,1,91.55,2.83,7,52.147539,-0.460635,38.0,,2
38,0,1,94.38,2.83,7,52.147525,-0.460671,38.0,,3
39,0,1,97.2,2.83,7,52.14751,-0.460709,38.0,,3
40,0,1,100.03,2.83,8,52.147495,-0.460747,38.0,,2
41,0,1,102.85,2.83,8,52.14748,-0.460782,38.0,,3
42,0,1,105.68,2.83,8,52.147466,-0.460815,38.0,,3
43,0,1,108.51,2.83,8,52.147451,-0.460848,37.9,,2
44,0,1,111.33,2.83,8,52.147438,-0.460881,37.9,,3
45,0,1,114.16,2.83,9,52.147424,-0.460914,37.9,,3
46,0,1,116.99,2.83,9,52.14741,-0.460949,37.9,,2
47,0,1,119.82,2.83,9,52.147397,-0.460986,37.9,,3
48,0,1,122.65,2.83,9,52.147384,-0.461025,37.9,,3
49,0,1,125.75,2.83,10,52.147372,-0.461064,37.8,,2
50,0,1,128.71,2.83,10,52.147361,-0.461104,37.8,,3
51,0,1,131.91,2.83,10,52.147351,-0.461144,37.8,,3
52,0,1,134.93,2.83,10,52.147341,-0.461184,37.8,,2
53,0,1,137.57,2.83,11,52.147331,-0.461223,37.8,,3
54,0,1,140.13,2.83,11,52.147321,-0.461259,37.8,,3
55,0,1,142.94,2.83,11,52.147309,-0.461295,37.8,,2
56,0,1,146.26,2.83,11,52.147295,-0.461333,37.8,,3
57,0,1,150.13,2.83,12,52.147279,-0.461379,37.7,,3
58,0,1,153.66,2.83,12,52.147263,-0.46143,37.7,,3
59,0,1,153.66,2.83,12,52.147247,-0.461483,37.7,,2
60,0,1,153.66,2.83,12,52.147234,-0.461533,37.7,,3
61,0,1,157.49,2.84,12,52.147224,-0.461582,37.7,,3
62,0,1,157.49,2.84,13,52.147215,-0.461629,37.7,,3
63,0,1,157.49,2.84,13,52.147207,-0.461676,37.7,,3
64,0,1,160.71,2.84,13,52.147201,-0.461722,37.7,,3
65,0,1,170.6,2.85,13,52.147194,-0.461768,37.7,,2
66,0,1,174.06,2.85,14,52.147187,-0.461816,37.7,,4
67,0,1,177.45,2.85,14,52.147179,-0.461865,37.7,,2
68,0,1,180.68,2.86,14,52.14717,-0.461916,37.7,,3
69,0,1,184.66,2.99,14,52.147158,-0.461969,37.7,,3
70,0,1,188.64,3.11,15,52.147146,-0.462022,37.8,,3
71,0,1,191.15,3.23,15,52.147134,-0.462075,37.8,,2
72,0,1,194.68,3.27,15,52.147121,-0.462126,37.8,,3
73,0,1,198.07,3.28,15,52.147108,-0.462174,37.8,,3
74,0,1,202.63,3.28,16,52.147096,-0.462219,37.8,,3
75,0,1,205.82,3.27,16,52.147085,-0.462262,37.9,,3
76,0,1,209.06,3.27,16,52.147074,-0.462305,37.9,,3
77,0,1,213.0,3.26,16,52.147064,-0.462348,37.9,,2
78,0,1,216.24,3.25,17,52.147055,-0.462393,37.9,,3
79,0,1,219.75,3.29,17,52.147048,-0.462442,38.0,,3
80,0,1,222.85,3.29,17,52.147041,-0.462493,38.0,,3
81,0,1,226.47,3.33,17,52.147035,-0.462546,38.0,,2
82,0,1,230.17,3.38,18,52.14703,-0.462599,38.0,,3
83,0,1,233.22,3.36,18,52.147025,-0.462653,38.0,,3
84,0,1,236.52,3.35,18,52.147021,-0.462705,38.0,,3
85,0,1,239.71,3.33,18,52.147018,-0.462755,38.0,,2
86,0,1,243.93,3.3,19,52.147015,-0.462803,38.0,,3
87,0,1,247.26,3.3,19,52.147012,-0.462851,38.0,,3
88,0,1,250.15,3.24,19,52.14701,-0.462898,38.0,,2
89,0,1,254.13,3.19,19,52.147009,-0.462947,38.0,,3
90,0,1,257.49,3.19,20,52.147007,-0.462996,38.0,,3
91,0,1,260.7,3.19,20,52.147006,-0.463047,38.0,,2
92,0,1,264.23,3.19,20,52.147005,-0.4631,38.0,,3
93,0,1,267.89,3.19,21,52.147002,-0.463154,38.0,,3
94,0,1,271.62,3.19,21,52.146998,-0.463211,38.0,,2
95,0,1,274.8,3.19,21,52.146993,-0.46327,38.0,,4
96,0,1,278.91,3.19,21,52.146986,-0.463332,38.0,,2
97,0,1,283.03,3.2,22,52.146977,-0.463394,38.0,,3
98,0,1,286.73,3.2,22,52.146967,-0.463455,38.0,,3
99,0,1,290.15,3.2,22,52.146958,-0.463513,38.0,,2
100,0,1,293.99,3.2,22,52.146948,-0.463569,38.0,,3
101,0,1,299.32,3.2,23,52.14694,-0.463626,38.0,,3
102,0,1,302.94,3.21,23,52.146932,-0.463684,38.0,,2
103,0,1,306.48,3.21,23,52.146923,-0.463742,38.0,,3
104,0,1,311.26,3.21,23,52.146912,-0.463797,37.9,,3
105,0,1,314.88,3.22,24,52.146897,-0.463847,37.9,,3
106,0,1,318.75,3.22,24,52.146877,-0.463893,37.8,,2
107,0,1,322.34,3.22,24,52.146853,-0.463937,37.8,,3
108,0,1,326.23,3.22,24,52.146824,-0.463979,37.7,,3
109,0,1,330.2,3.23,25,52.146795,-0.464017,37.6,,3
110,0,1,334.58,3.23,25,52.146766,-0.464047,37.4,,2
111,0,1,337.59,3.24,25,52.14674,-0.464069,37.4,,3
112,0,1,340.54,3.24,25,52.146717,-0.46409,37.3,,2
113,0,1,346.77,3.24,26,52.146697,-0.464116,37.2,,3
114,0,1,355.33,3.24,26,52.14668,-0.464151,37.1,,3
115,0,1,358.64,3.25,26,52.146667,-0.464195,37.0,,3
116,0,1,362.09,3.25,27,52.146661,-0.464249,37.0,,2
117,0,1,362.09,3.25,27,52.146658,-0.464308,37.0,,3
118,0,1,362.09,3.25,27,52.146654,-0.464368,37.0,,3
119,0,1,365.89,3.26,27,52.146648,-0.464424,37.0,,2
120,0,1,370.88,3.26,28,52.146638,-0.464476,37.0,,4
121,0,1,373.79,3.26,28,52.146627,-0.464524,37.0,,2
122,0,1,376.76,3.26,28,52.146615,-0.464569,37.1,,3
123,0,1,381.86,3.26,28,52.146602,-0.464611,37.1,,2
124,0,1,384.8,3.27,29,52.14659,-0.46465,37.1,,3
125,0,1,387.59,3.27,29,52.146578,-0.464687,37.1,,3
126,0,1,391.31,3.27,29,52.146563,-0.464721,37.1,,3
127,0,1,393.99,3.27,29,52.146546,-0.464754,37.1,,2
128,0,1,397.22,3.27,30,52.146527,-0.464785,37.2,,3
129,0,1,399.84,3.27,30,52.146506,-0.464817,37.2,,3
130,0,1,402.95,3.27,30,52.146483,-0.464852,37.2,,3
131,0,1,406.14,3.27,30,52.146459,-0.464887,37.2,,3
132,0,1,409.56,3.27,31,52.146434,-0.464923,37.3,,2
133,0,1,413.16,3.27,31,52.146409,-0.464958,37.3,,3
134,0,1,416.83,3.28,31,52.146384,-0.46499,37.3,,3
135,0,1,419.9,3.28,31,52.146359,-0.46502,37.4,,2
136,0,1,422.53,3.28,32,52.146336,-0.465048,37.5,,3
137,0,1,425.18,3.28,32,52.146312,-0.465074,37.5,,3
138,0,1,430.47,3.28,32,52.146288,-0.465101,37.6,,3
139,0,1,433.86,3.28,32,52.146265,-0.465129,37.6,,3
140,0,1,436.66,3.28,33,52.146241,-0.46516,37.7,,2
141,0,1,440.28,3.28,33,52.146216,-0.465194,37.8,,4
142,0,1,443.35,3.28,33,52.146189,-0.46523,37.8,,2
143,0,1,447.24,3.28,34,52.146157,-0.465267,37.9,,3
144,0,1,450.9,3.29,34,52.14612,-0.465304,37.9,,3
145,0,1,454.52,3.29,34,52.146083,-0.465337,37.9,,3
146,0,1,457.96,3.29,34,52.146052,-0.465366,38.0,,2
147,0,1,463.46,3.3,35,52.146025,-0.465392,38.0,,3
148,0,1,466.64,3.3,35,52.145999,-0.46542,38.0,,3
149,0,1,470.23,3.3,35,52.145972,-0.465452,38.0,,3
150,0,1,475.35,3.31,35,52.145944,-0.46549,38.0,,2
151,0,1,479.15,3.31,36,52.145916,-0.465533,38.0,,3
152,0,1,483.37,3.31,36,52.145888,-0.465582,38.0,,3
153,0,1,487.14,3.32,36,52.145861,-0.465633,38.0,,3
154,0,1,491.86,3.32,36,52.145834,-0.465683,38.0,,3
155,0,1,496.24,3.33,37,52.145806,-0.465729,38.0,,2
156,0,1,500.23,3.58,37,52.145777,-0.46577,37.9,,3
157,0,1,504.2,3.65,37,52.145749,-0.465809,37.9,,3
158,0,1,507.94,3.67,37,52.145721,-0.465847,37.9,,2
159,0,1,513.86,3.66,38,52.145696,-0.465888,37.8,,3
160,0,1,517.51,3.66,38,52.145674,-0.465935,37.8,,3
161,0,1,521.68,3.74,38,52.145654,-0.465985,37.8,,3
162,0,1,525.75,3.82,39,52.145636,-0.466038,37.8,,3
163,0,1,529.67,3.84,39,52.145618,-0.466092,37.8,,2
164,0,1,534.0,3.92,39,52.1456,-0.466146,37.8,,3
165,0,1,538.16,3.98,39,52.145582,-0.466201,37.8,,3
166,0,1,542.08,3.97,40,52.145563,-0.466256,37.8,,3
167,0,1,546.62,4.04,40,52.145543,-0.466312,37.9,,3
168,0,1,551.19,4.04,40,52.145523,-0.466368,37.9,,2
169,0,1,555.09,4.02,41,52.145503,-0.466424,37.9,,3
170,0,1,559.36,4.06,41,52.145482,-0.46648,37.9,,3
171,0,1,563.71,4.06,41,52.145462,-0.466535,37.9,,2
172,0,1,568.06,4.1,42,52.145442,-0.46659,38.0,,3
173,0,1,572.28,4.12,42,52.145424,-0.466645,38.0,,3
174,0,1,576.46,4.12,42,52.145408,-0.4667,38.0,,3
175,0,1,580.57,4.12,42,52.145392,-0.466754,38.1,,3
176,0,1,584.49,4.08,43,52.145375,-0.466805,38.1,,2
177,0,1,589.62,4.08,43,52.145356,-0.466852,38.1,,3
178,0,1,593.46,4.08,43,52.145337,-0.466897,38.2,,3
179,0,1,597.02,4.08,44,52.145321,-0.466943,38.2,,2
180,0,1,601.81,4.08,44,52.14531,-0.466989,38.2,,4
181,0,1,604.86,4.08,44,52.145301,-0.467036,38.3,,2
182,0,1,607.96,4.08,45,52.145296,-0.467082,38.3,,3
183,0,1,612.36,4.08,45,52.145293,-0.467129,38.4,,3
184,0,1,615.88,4.08,45,52.145291,-0.467179,38.4,,2
185,0,1,619.68,4.08,45,52.145289,-0.46723,38.4,,4
186,0,1,622.11,4.08,46,52.145288,-0.467284,38.5,,2
187,0,1,625.72,4.07,46,52.145288,-0.467337,38.5,,3
188,0,1,629.2,4.07,46,52.145289,-0.467388,38.6,,3
189,0,1,632.45,4.07,47,52.145292,-0.467436,38.6,,2
190,0,1,635.6,4.07,47,52.145297,-0.467482,38.6,,3
191,0,1,638.53,4.07,47,52.145304,-0.467525,38.6,,3
192,0,1,642.42,4.07,48,52.145313,-0.467566,38.6,,3
193,0,1,650.79,3.94,48,52.145325,-0.467606,38.6,,3
194,0,1,654.95,3.81,48,52.145339,-0.467645,38.6,,2
195,0,1,658.17,3.72,48,52.145354,-0.467685,38.6,,3
196,0,1,661.7,3.66,49,52.145371,-0.467727,38.6,,3
197,0,1,665.27,3.6,49,52.14539,-0.467772,38.5,,3
198,0,1,668.75,3.64,49,52.145409,-0.467818,38.5,,3
199,0,1,672.71,3.64,50,52.145429,-0.467864,38.5,,2
200,0,1,676.36,3.63,50,52.145449,-0.46791,38.5,,3
201,0,1,679.98,3.69,50,52.145469,-0.467955,38.4,,3
202,0,1,683.88,3.67,50,52.145489,-0.467996,38.4,,2
203,0,1,687.33,3.67,51,52.145508,-0.468035,38.4,,3
204,0,1,690.76,3.66,51,52.145528,-0.468072,38.4,,3
205,0,1,694.18,3.65,51,52.145549,-0.468109,38.3,,3
206,0,1,697.56,3.61,51,52.145571,-0.468144,38.3,,3
207,0,1,700.8,3.59,52,52.145596,-0.46818,38.3,,2
208,0,1,704.36,3.63,52,52.145622,-0.468217,38.3,,3
209,0,1,708.52,3.68,52,52.145649,-0.468252,38.2,,3
210,0,1,712.73,3.66,53,52.145676,-0.468286,38.2,,2
211,0,1,716.36,3.65,53,52.1457,-0.468317,38.2,,3
212,0,1,719.77,3.61,53,52.145723,-0.468344,38.1,,3
213,0,1,722.94,3.55,53,52.145746,-0.468366,38.1,,3
214,0,1,725.87,3.55,54,52.145769,-0.468385,38.1,,2
215,0,1,728.38,3.55,54,52.145792,-0.4684,38.1,,3
216,0,1,730.72,3.55,54,52.145815,-0.468413,38.1,,3
217,0,1,733.44,3.55,55,52.145839,-0.468424,38.1,,3
218,0,1,736.38,3.54,55,52.145863,-0.468434,38.2,,2
219,0,1,739.46,3.54,55,52.145889,-0.468444,38.3,,4
220,0,1,742.71,3.54,55,52.145915,-0.468454,38.5,,2
221,0,1,745.8,3.54,56,52.145943,-0.468463,38.6,,3
222,0,1,748.69,3.54,56,52.145972,-0.468472,38.7,,3
223,0,1,751.66,3.54,56,52.146003,-0.468481,38.8,,3
224,0,1,754.97,3.54,56,52.146035,-0.468489,39.0,,3
225,0,1,759.03,3.54,57,52.146068,-0.468498,39.1,,5
226,0,1,762.99,3.53,57,52.146099,-0.468507,39.2,,5
227,0,1,766.39,3.53,57,52.146129,-0.468518,39.4,,3
228,0,1,769.43,3.53,57,52.146158,-0.468529,39.5,,2
229,0,1,773.13,3.53,58,52.14619,-0.468542,39.6,,3
230,0,1,777.28,3.53,58,52.146227,-0.468556,39.8,,3
231,0,1,781.28,3.53,58,52.146265,-0.468572,40.0,,3
232,0,1,781.28,3.53,59,52.1463,-0.468592,40.2,,3
233,0,1,781.28,3.53,59,52.146327,-0.468617,40.3,,2
234,0,1,784.43,3.54,59,52.146353,-0.468647,40.5,,3
235,0,1,788.69,3.54,59,52.146382,-0.468683,40.7,,3
236,0,1,792.3,3.54,60,52.146415,-0.468723,40.9,,3
237,0,1,796.84,3.54,60,52.14645,-0.468768,41.1,,3
238,0,1,801.24,3.54,60,52.146481,-0.468815,41.4,,2
239,0,1,805.25,3.54,60,52.146509,-0.468862,41.6,,3
240,0,1,805.25,3.54,61,52.146536,-0.468909,41.8,,3
241,0,1,805.25,3.54,61,52.146562,-0.468953,42.0,,3
242,0,1,809.18,3.54,61,52.146588,-0.468992,42.2,,2
243,0,1,812.69,3.55,62,52.146613,-0.469025,42.4,,3
244,0,1,821.54,3.55,62,52.146637,-0.46905,42.6,,3
245,0,1,825.04,3.55,62,52.146662,-0.469071,42.7,,3
246,0,1,828.6,3.55,62,52.146691,-0.46909,43.0,,3
247,0,1,832.41,3.55,63,52.146721,-0.469109,43.3,,3
248,0,1,837.72,3.55,63,52.146753,-0.469126,43.5,,2
249,0,1,850.47,3.55,63,52.146785,-0.469143,43.8,,3
250,0,1,855.87,3.55,63,52.146817,-0.469159,44.1,,3
251,0,1,859.64,3.55,64,52.146847,-0.469175,44.3,,2
252,0,1,863.18,3.55,64,52.146875,-0.469189,44.5,,3
253,0,1,866.41,3.55,64,52.146902,-0.469201,44.7,,3
254,0,1,869.54,3.55,65,52.146928,-0.469208,44.9,,2
255,0,1,869.54,3.55,65,52.146954,-0.469208,45.1,,3
256,0,1,874.8,3.55,65,52.14698,-0.469205,45.3,,3
257,0,1,878.68,3.55,65,52.147004,-0.469203,45.5,,3
258,0,1,881.44,3.55,66,52.147028,-0.469198,45.6,,3
259,0,1,884.28,3.55,66,52.147051,-0.469189,45.8,,2
260,0,1,887.26,3.55,66,52.147074,-0.469173,45.9,,3
261,0,1,890.4,3.55,66,52.147097,-0.469151,46.1,,3
262,0,1,893.96,3.54,67,52.147121,-0.469125,46.2,,2
263,0,1,897.39,3.54,67,52.147145,-0.469098,46.3,,3
264,0,1,900.9,3.54,67,52.14717,-0.46907,46.5,,3
265,0,1,904.35,3.54,68,52.147196,-0.469042,46.6,,3
266,0,1,907.89,3.54,68,52.147222,-0.469014,46.8,,3
267,0,1,911.58,3.54,68,52.147249,-0.468987,46.9,,2
268,0,1,915.07,3.54,68,52.147276,-0.468961,47.1,,3
269,0,1,918.57,3.54,69,52.147303,-0.468936,47.2,,3
270,0,1,922.36,3.54,69,52.147331,-0.468912,47.4,,2
271,0,1,925.84,3.54,69,52.147357,-0.468888,47.6,,3
272,0,1,929.2,3.54,69,52.147383,-0.468865,47.7,,3
273,0,1,932.41,3.54,70,52.147407,-0.468841,47.9,,2
274,0,1,935.6,3.54,70,52.147429,-0.468817,48.0,,4
275,0,1,938.7,3.54,70,52.14745,-0.468792,48.2,,2
276,0,1,941.56,3.54,71,52.14747,-0.468766,48.3,,3
277,0,1,944.33,3.54,71,52.147488,-0.468738,48.4,,3
278,0,1,947.16,3.54,71,52.147504,-0.468709,48.5,,2
279,0,1,949.98,3.53,71,52.147519,-0.468677,48.6,,3
280,0,1,952.86,3.53,72,52.147533,-0.468642,48.7,,3
281,0,1,955.85,3.53,72,52.147548,-0.468604,48.8,,2
282,0,1,959.12,3.53,72,52.147565,-0.468562,48.9,,4
283,0,1,962.52,3.52,72,52.147585,-0.468517,49.1,,2
284,0,1,966.11,3.52,73,52.147607,-0.468469,49.2,,3
285,0,1,969.85,3.52,73,52.147629,-0.46842,49.4,,3
286,0,1,974.0,3.52,73,52.147649,-0.468373,49.5,,3
287,0,1,978.15,3.52,74,52.147667,-0.468326,49.6,,3
288,0,1,982.18,3.52,74,52.147684,-0.468279,49.7,,2
289,0,1,985.56,3.52,74,52.147699,-0.468229,49.7,,3
290,0,1,989.2,3.52,74,52.147711,-0.468179,49.7,,3
291,0,1,989.2,3.52,75,52.147719,-0.468128,49.7,,3
292,0,1,989.2,3.52,75,52.147725,-0.468075,49.7,,2
293,0,1,992.96,3.52,75,52.147731,-0.468022,49.6,,3
294,0,1,996.44,3.52,75,52.14774,-0.467966,49.6,,3
295,0,1,1000.69,3.52,76,52.14775,-0.467908,49.6,,3
296,0,1,1004.82,3.52,76,52.147761,-0.467848,49.6,,2
297,0,1,1008.29,3.52,76,52.147772,-0.467786,49.5,,3
298,0,1,1012.55,3.53,76,52.147781,-0.467724,49.5,,3
299,0,1,1016.64,3.53,77,52.147788,-0.467661,49.4,,2
300,0,1,1021.3,3.53,77,52.147794,-0.467599,49.3,,3
301,0,1,1025.42,3.53,77,52.147798,-0.467537,49.2,,3
302,0,1,1029.33,3.54,78,52.147799,-0.467477,49.1,,3
303,0,1,1034.49,3.54,78,52.147799,-0.467417,48.9,,3
304,0,1,1038.24,3.54,78,52.147796,-0.467359,48.7,,2
305,0,1,1041.84,3.55,78,52.147792,-0.467302,48.5,,3
306,0,1,1047.02,3.55,79,52.147786,-0.467246,48.2,,3
307,0,1,1050.73,3.55,79,52.14778,-0.467191,48.0,,2
308,0,1,1054.46,3.56,79,52.147773,-0.467136,47.8,,3
309,0,1,1058.78,3.56,79,52.147765,-0.467082,47.6,,3
310,0,1,1062.35,3.56,80,52.147757,-0.467028,47.4,,3
311,0,1,1066.01,3.56,80,52.14775,-0.466974,47.2,,3
312,0,1,1070.18,3.56,80,52.147743,-0.46692,47.0,,2
313,0,1,1073.73,3.56,81,52.147737,-0.466867,46.8,,3
314,0,1,1077.35,3.56,81,52.147731,-0.466813,46.6,,3
315,0,1,1081.12,3.56,81,52.147727,-0.466758,46.4,,3
316,0,1,1085.05,3.56,81,52.147724,-0.466703,46.2,,2
317,0,1,1089.0,3.56,82,52.147721,-0.466646,46.0,,3
318,0,1,1092.28,3.56,82,52.14772,-0.466588,45.8,,3
319,0,1,1096.27,3.57,82,52.147721,-0.466529,45.6,,3
320,0,1,1100.19,3.57,82,52.147722,-0.466469,45.5,,3
321,0,1,1104.12,3.57,83,52.147726,-0.466408,45.3,,3
322,0,1,1108.24,3.57,83,52.147731,-0.466349,45.1,,2
323,0,1,1112.26,3.58,83,52.147737,-0.466292,45.0,,3
324,0,1,1116.37,3.58,84,52.147746,-0.466237,44.8,,3
325,0,1,1120.01,3.59,84,52.147755,-0.466183,44.7,,3
326,0,1,1123.94,3.59,84,52.147766,-0.466131,44.6,,2
327,0,1,1128.33,3.59,84,52.147778,-0.466079,44.5,,3
328,0,1,1131.83,3.59,85,52.147787,-0.466028,44.3,,3
329,0,1,1135.28,3.6,85,52.147792,-0.46598,44.2,,3
330,0,1,1139.46,3.6,85,52.147791,-0.465935,44.0,,2
331,0,1,1142.34,3.6,86,52.147784,-0.46589,43.9,,3
332,0,1,1145.83,3.6,86,52.147776,-0.465843,43.7,,3
333,0,1,1149.38,3.6,86,52.147767,-0.46579,43.5,,3
334,0,1,1153.22,3.6,86,52.147764,-0.465734,43.3,,3
335,0,1,1156.92,3.6,87,52.14777,-0.465676,43.1,,5
336,0,1,1159.72,3.6,87,52.147785,-0.465623,43.0,,5
337,0,1,1163.59,3.6,87,52.147807,-0.465579,42.9,,3
338,0,1,1167.17,3.6,87,52.147834,-0.465548,42.8,,3
339,0,1,1170.49,3.6,88,52.147863,-0.465528,42.8,,2
340,0,1,1173.86,3.6,88,52.147894,-0.465514,42.8,,3
341,0,1,1180.31,3.6,88,52.147923,-0.465504,42.8,,3
342,0,1,1186.95,3.6,89,52.147951,-0.465492,42.8,,3
343,0,1,1190.77,3.6,89,52.147977,-0.465476,42.8,,3
344,0,1,1194.13,3.6,89,52.148003,-0.465451,42.7,,2
345,0,1,1197.55,3.6,89,52.148028,-0.46542,42.6,,6
346,0,1,1201.08,3.6,90,52.148052,-0.465384,42.5,,6
347,0,1,1204.68,3.6,90,52.148074,-0.465344,42.4,,3
348,0,1,1208.29,3.6,90,52.148096,-0.465303,42.2,,2
349,0,1,1211.77,3.6,91,52.148118,-0.465263,42.1,,3
350,0,1,1215.14,3.6,91,52.14814,-0.465224,42.0,,3
351,0,1,1218.8,3.6,91,52.148162,-0.465189,41.8,,3
352,0,1,1222.19,3.6,91,52.148185,-0.465159,41.7,,2
353,0,1,1225.45,3.6,92,52.14821,-0.465133,41.6,,3
354,0,1,1228.78,3.6,92,52.148235,-0.46511,41.5,,3
355,0,1,1231.98,3.6,92,52.14826,-0.465089,41.4,,3
356,0,1,1235.04,3.6,92,52.148287,-0.465069,41.3,,2
357,0,1,1238.24,3.6,93,52.148315,-0.465047,41.2,,3
358,0,1,1241.62,3.6,93,52.148342,-0.465026,41.2,,3
359,0,1,1245.3,3.6,93,52.14837,-0.465005,41.2,,3
360,0,1,1248.85,3.6,94,52.148398,-0.464986,41.4,,3
361,0,1,1252.15,3.6,94,52.148426,-0.464968,41.5,,2
362,0,1,1252.15,3.6,94,52.148453,-0.464952,41.7,,3
363,0,1,1252.15,3.6,94,52.148479,-0.464939,41.8,,3
364,0,1,1255.24,3.6,95,52.148506,-0.464928,41.9,,3
365,0,1,1258.87,3.59,95,52.148534,-0.464919,42.1,,3
366,0,1,1262.17,3.59,95,52.148565,-0.464911,42.3,,2
367,0,1,1265.64,3.59,96,52.148598,-0.464904,42.5,,3
368,0,1,1269.01,3.59,96,52.148632,-0.464895,42.7,,3
369,0,1,1272.87,3.59,96,52.148665,-0.464885,42.9,,2
370,0,1,1276.34,3.59,96,52.148697,-0.464873,43.0,,4
371,0,1,1279.89,3.59,97,52.148728,-0.464859,43.2,,2
372,0,1,1283.4,3.59,97,52.148756,-0.464842,43.3,,2
373,0,1,1286.6,3.59,97,52.148783,-0.464823,43.5,,3
374,0,1,1290.78,3.59,97,52.14881,-0.464801,43.6,,3
375,0,1,1294.15,3.59,98,52.148836,-0.464777,43.7,,3
376,0,1,1297.68,3.59,98,52.148864,-0.464751,43.9,,3
377,0,1,1300.73,3.59,98,52.148891,-0.464723,44.0,,3
378,0,1,1304.48,3.59,99,52.14892,-0.464693,44.2,,3
379,0,1,1308.07,3.58,99,52.148949,-0.464662,44.3,,2
380,0,1,1311.49,3.59,99,52.14898,-0.464629,44.4,,3
381,0,1,1315.9,3.59,99,52.14901,-0.464596,44.6,,3
382,0,1,1320.08,3.59,100,52.149041,-0.464561,44.7,,2
383,0,1,1323.24,3.59,100,52.149071,-0.464525,44.9,,3
384,0,1,1327.14,3.59,100,52.1491,-0.464489,45.0,,3
385,0,1,1330.57,3.59,101,52.149126,-0.464453,45.1,,3
386,0,1,1335.44,3.59,101,52.14915,-0.464416,45.2,,3
387,0,1,1339.03,3.59,101,52.149172,-0.46438,45.3,,2
388,0,1,1342.52,3.59,101,52.149192,-0.464343,45.3,,3
389,0,1,1346.55,3.59,102,52.149212,-0.464305,45.4,,3
390,0,1,1349.76,3.59,102,52.149231,-0.464268,45.4,,3
391,0,1,1352.93,3.59,102,52.149251,-0.46423,45.5,,2
392,0,1,1357.15,3.59,103,52.14927,-0.464191,45.5,,3
393,0,1,1360.36,3.59,103,52.14929,-0.464151,45.6,,3
394,0,1,1363.93,3.59,103,52.14931,-0.464108,45.5,,2
395,0,1,1367.37,3.59,103,52.149329,-0.464063,45.5,,3
396,0,1,1371.16,3.59,104,52.149347,-0.464015,45.5,,3
397,0,1,1375.17,3.59,104,52.149364,-0.463964,45.5,,3
398,0,1,1378.29,3.59,104,52.14938,-0.463911,45.4,,2
399,0,1,1381.9,3.59,104,52.149394,-0.46386,45.4,,3
400,0,1,1385.35,3.59,105,52.149406,-0.463812,45.3,,3
401,0,1,1389.98,3.59,105,52.149418,-0.463765,45.2,,2
402,0,1,1393.43,3.59,105,52.14943,-0.463717,45.2,,3
403,0,1,1396.78,3.59,106,52.149443,-0.463669,45.1,,3
404,0,1,1400.91,3.59,106,52.149454,-0.463621,45.1,,3
405,0,1,1404.51,3.59,106,52.149464,-0.463572,45.0,,5
406,0,1,1408.17,3.59,106,52.149473,-0.463522,44.9,,5
407,0,1,1411.43,3.59,107,52.149483,-0.46347,44.8,,4
408,0,1,1415.23,3.59,107,52.149493,-0.463416,44.8,,2
409,0,1,1419.36,3.59,107,52.149505,-0.463359,44.7,,3
410,0,1,1422.7,3.59,108,52.149517,-0.463301,44.6,,3
411,0,1,1426.63,3.59,108,52.149529,-0.463241,44.5,,2
412,0,1,1430.54,3.59,108,52.14954,-0.463182,44.4,,3
413,0,1,1435.29,3.6,108,52.149549,-0.463123,44.4,,3
414,0,1,1439.14,3.6,109,52.149557,-0.463064,44.2,,2
415,0,1,1442.83,3.6,109,52.149564,-0.463006,44.1,,4
416,0,1,1447.28,3.6,109,52.149571,-0.46295,44.0,,2
417,0,1,1450.85,3.61,109,52.149576,-0.462895,43.9,,3
418,0,1,1454.44,3.61,110,52.149582,-0.462841,43.8,,3
419,0,1,1458.98,3.61,110,52.149588,-0.46279,43.7,,2
420,0,1,1462.47,3.61,110,52.149594,-0.462739,43.6,,3
421,0,1,1465.78,3.61,111,52.149599,-0.462689,43.5,,3
422,0,1,1470.3,3.61,111,52.149604,-0.462638,43.4,,3
423,0,1,1473.67,3.61,111,52.149606,-0.462584,43.3,,2
424,0,1,1477.09,3.61,111,52.149607,-0.462528,43.1,,3
425,0,1,1481.21,3.61,112,52.149606,-0.462472,43.0,,3
426,0,1,1485.08,3.61,112,52.149604,-0.462416,42.7,,3
427,0,1,1488.69,3.61,112,52.149602,-0.462363,42.5,,2
428,0,1,1492.37,3.61,113,52.149598,-0.462312,42.4,,3
429,0,1,1495.34,3.61,113,52.149593,-0.462262,42.2,,3
430,0,1,1498.37,3.61,113,52.149586,-0.462211,42.0,,3
431,0,1,1503.74,3.61,113,52.149578,-0.46216,41.8,,3
432,0,1,1507.05,3.61,114,52.14957,-0.462109,41.6,,3
433,0,1,1510.66,3.61,114,52.14956,-0.462057,41.4,,3
434,0,1,1514.02,3.61,114,52.149549,-0.462005,41.2,,3
435,0,1,1517.73,3.61,114,52.149537,-0.461954,41.0,,6
436,0,1,1521.59,3.62,115,52.149524,-0.461902,40.8,,6
437,0,1,1524.89,3.62,115,52.14951,-0.461851,40.6,,3
438,0,1,1528.68,3.62,115,52.149495,-0.4618,40.4,,2
439,0,1,1532.54,3.62,116,52.149478,-0.46175,40.3,,3
440,0,1,1536.47,3.62,116,52.149461,-0.461701,40.1,,3
441,0,1,1546.82,3.62,116,52.149442,-0.461652,40.0,,3
442,0,1,1551.94,3.62,116,52.149421,-0.461604,40.0,,2
443,0,1,1555.72,3.62,117,52.149399,-0.461558,39.9,,3
444,0,1,1559.75,3.62,117,52.149375,-0.461514,39.9,,3
445,0,1,1563.99,3.63,117,52.14935,-0.461472,39.9,,3
446,0,1,1567.97,3.63,118,52.149324,-0.461432,39.9,,3
447,0,1,1571.82,3.63,118,52.149296,-0.461394,39.9,,2
448,0,1,1575.78,3.63,118,52.14927,-0.461357,39.9,,3
449,0,1,1579.81,3.64,118,52.149244,-0.461319,39.9,,3
450,0,1,1583.8,3.64,119,52.149219,-0.46128,39.9,,3
451,0,1,1587.56,3.64,119,52.149194,-0.461239,40.0,,3
452,0,1,1591.41,3.65,119,52.149168,-0.461197,40.0,,2
453,0,1,1595.32,3.65,119,52.149143,-0.461153,39.9,,3
454,0,1,1599.38,3.65,120,52.149117,-0.461108,39.8,,3
455,0,1,1603.71,3.66,120,52.149091,-0.461063,39.7,,5
456,0,1,1607.93,3.66,120,52.149065,-0.461018,39.6,,5
457,0,1,1612.05,3.66,121,52.14904,-0.460974,39.5,,3
458,0,1,1616.09,3.67,121,52.149015,-0.46093,39.5,,3
459,0,1,1620.18,3.67,121,52.148991,-0.460885,39.4,,3
460,0,1,1624.01,3.68,121,52.148969,-0.460837,39.3,,2
461,0,1,1624.01,3.68,122,52.14895,-0.460785,39.2,,6
462,0,1,1624.01,3.69,122,52.148932,-0.460731,39.1,,6
463,0,1,1628.26,3.69,122,52.148918,-0.460676,39.0,,3
464,0,1,1632.34,3.7,123,52.148906,-0.460621,39.0,,3
465,0,1,1635.95,3.7,123,52.148897,-0.460567,38.9,,6
466,0,1,1639.67,3.7,123,52.148888,-0.460512,38.9,,6
467,0,1,1644.43,3.7,123,52.148881,-0.460457,38.8,,2
468,0,1,1648.06,3.71,124,52.148873,-0.460403,38.8,,3
469,0,1,1652.05,3.71,124,52.148865,-0.460347,38.8,,3
470,0,1,1655.78,3.71,124,52.148858,-0.460293,38.7,,3
471,0,1,1659.6,3.71,125,52.148854,-0.460239,38.7,,3
472,0,1,1663.36,3.71,125,52.148854,-0.460186,38.7,,2
473,0,1,1667.09,3.71,125,52.148856,-0.460135,38.7,,6
474,0,1,1670.58,3.71,125,52.148858,-0.460085,38.7,,6
475,0,1,1673.81,3.71,126,52.148859,-0.460035,38.6,,3
476,0,1,1678.25,3.71,126,52.148857,-0.459985,38.6,,3
477,0,1,1687.65,3.71,126,52.148855,-0.459936,38.5,,2
478,0,1,1692.45,3.71,126,52.148851,-0.459887,38.5,,3
479,0,1,1695.85,3.71,127,52.148847,-0.459838,38.4,,3
480,0,1,1698.9,3.71,127,52.148844,-0.45979,38.3,,3
481,0,1,1701.92,3.71,127,52.14884,-0.459743,38.2,,3
482,0,1,1705.55,3.71,128,52.148837,-0.459694,38.2,,2
483,0,1,1709.22,3.71,128,52.148834,-0.459645,38.1,,3
484,0,1,1709.22,3.71,128,52.148831,-0.459595,38.0,,3
485,0,1,1709.22,3.71,128,52.148827,-0.459546,37.9,,3
486,0,1,1712.59,3.71,129,52.148824,-0.459497,37.9,,3
487,0,1,1717.43,3.71,129,52.148819,-0.45945,37.8,,2
488,0,1,1720.61,3.71,129,52.148812,-0.459403,37.8,,3
489,0,1,1724.06,3.71,130,52.148803,-0.459359,37.7,,3
490,0,1,1728.52,3.71,130,52.148791,-0.459317,37.6,,2
491,0,1,1731.94,3.71,130,52.148775,-0.459277,37.6,,3
492,0,1,1734.91,3.71,130,52.148755,-0.45924,37.6,,3
493,0,1,1739.22,3.71,131,52.148733,-0.459207,37.6,,2
494,0,1,1742.78,3.71,131,52.148709,-0.459177,37.6,,3
495,0,1,1746.06,3.71,131,52.148684,-0.459151,37.6,,6
496,0,1,1749.49,3.71,131,52.148656,-0.459128,37.6,,6
497,0,1,1752.99,3.71,132,52.148628,-0.459109,37.6,,3
498,0,1,1756.5,3.71,132,52.148597,-0.459094,37.6,,3
499,0,1,1760.18,3.71,132,52.148564,-0.459082,37.7,,3
500,0,1,1770.11,3.71,133,52.148528,-0.459072,37.7,,2
501,0,1,1775.72,3.71,133,52.148492,-0.459068,37.8,,3
502,0,1,1779.95,3.71,133,52.148458,-0.459069,37.8,,3
503,0,1,1783.9,3.71,133,52.148426,-0.459075,37.9,,2
504,0,1,1787.48,3.71,134,52.148397,-0.459086,37.9,,3
505,0,1,1790.98,3.71,134,52.148368,-0.4591,38.0,,3
506,0,1,1794.47,3.71,134,52.148341,-0.459117,38.0,,3
507,0,1,1797.92,3.71,135,52.148315,-0.459135,38.0,,2
508,0,1,1801.27,3.71,135,52.148288,-0.459154,37.9,,3
509,0,1,1804.7,3.71,135,52.148262,-0.459174,37.9,,3
510,0,1,1808.07,3.71,135,52.148236,-0.459195,37.9,,3
511,0,1,1811.1,3.71,136,52.148209,-0.459216,37.9,,1
512,0,1,1813.96,3.71,136,52.148182,-0.459239,37.8,,2
513,0,1,1817.02,3.71,136,52.148155,-0.459262,37.8,,3
514,0,1,1820.22,3.71,136,52.148128,-0.459284,37.8,,3
515,0,1,1823.58,3.7,137,52.148102,-0.459302,37.8,,3
516,0,1,1826.78,3.7,137,52.148078,-0.459316,37.7,,3
517,0,1,1829.68,3.7,137,52.148055,-0.459337,37.7,,2
518,0,1,1832.23,3.7,138,52.148034,-0.459373,37.7,,3
519,0,1,1836.43,3.7,138,52.148016,-0.459422,37.7,,3
520,0,1,1840.74,3.7,138,52.148,-0.45948,37.8,,3
521,0,1,1845.05,3.7,138,52.147986,-0.459541,37.8,,2
522,0,1,1849.27,3.7,139,52.147972,-0.459602,37.8,,3
523,0,1,1849.27,3.7,139,52.147957,-0.459656,37.8,,3
524,0,1,1849.27,3.7,139,52.147941,-0.459702,37.8,,3
525,0,1,1852.31,3.7,140,52.147923,-0.459739,37.8,,5
526,0,1,1855.39,3.7,140,52.147904,-0.459772,37.9,,5
527,0,1,1858.78,3.7,140,52.147884,-0.459803,37.9,,4
528,0,1,1861.94,3.71,140,52.147864,-0.459835,37.9,,2
529,0,1,1861.94,3.71,141,52.147844,-0.459871,37.9,,3
530,0,1,1876.25,3.71,141,52.147825,-0.459913,37.9,,3
531,0,1,1882.03,3.7,141,52.147804,-0.459957,38.0,,2
532,0,1,1885.63,3.7,141,52.147781,-0.460002,38.0,,3
533,0,1,1889.69,3.7,142,52.147763,-0.460045,38.0,,3
534,0,1,1893.24,3.7,142,52.147748,-0.460087,38.0,,3
535,0,1,1896.51,3.7,142,52.147734,-0.460125,38.0,,3
536,0,1,1899.95,3.7,143,52.14772,-0.460162,37.9,,2
537,0,1,1903.46,3.7,143,52.147706,-0.460205,37.9,,3
538,0,1,1906.48,3.7,143,52.14769,-0.460256,37.9,,3
539,0,1,1909.8,3.7,143,52.147673,-0.460311,37.9,,2
540,0,1,1909.8,3.7,144,52.147656,-0.460362,37.9,,3
541,0,1,1909.8,3.7,144,52.147638,-0.460404,37.9,,3
542,0,1,1912.86,3.69,144,52.147621,-0.46044,37.9,,3
543,0,1,1918.35,3.69,145,52.147606,-0.460474,37.9,,3
544,0,1,1921.05,3.69,145,52.147592,-0.460508,37.9,,2
545,0,1,1923.93,3.69,145,52.147579,-0.460544,37.9,,3
546,0,1,1926.96,3.69,145,52.147566,-0.460578,37.9,,3
547,0,1,1929.95,3.69,146,52.147552,-0.46061,38.0,,3
548,0,1,1929.95,3.69,146,52.147537,-0.460641,38.0,,3
549,0,1,1929.95,3.69,146,52.147522,-0.460671,38.0,,2
550,0,1,1932.71,3.68,147,52.147507,-0.460701,38.0,,3
551,0,1,1940.57,3.68,147,52.147492,-0.460732,38.0,,1
552,0,1,1943.47,3.68,147,52.147477,-0.460765,38.0,,3
553,0,1,1946.37,3.67,147,52.147463,-0.4608,38.0,,2
554,0,1,1949.3,3.67,148,52.14745,-0.460837,37.9,,3
555,0,1,1951.99,3.67,148,52.147438,-0.460873,37.9,,6
556,0,1,1954.55,3.66,148,52.147426,-0.460908,37.9,,6
557,0,1,1957.58,3.66,148,52.147416,-0.46094,37.9,,3
558,0,1,1960.06,3.41,149,52.147407,-0.460968,37.9,,2
559,0,1,1962.23,3.19,149,52.147398,-0.460996,37.9,,3
560,0,1,1965.44,3.08,149,52.147388,-0.461028,37.9,,3
561,0,1,1968.13,3.02,149,52.147377,-0.461067,37.9,,3
562,0,1,1971.25,3.03,150,52.147365,-0.461111,37.8,,3
563,0,1,1973.18,3.09,150,52.147354,-0.461157,37.8,,2
564,0,1,1976.24,3.09,150,52.147344,-0.461202,37.8,,3
565,0,1,1979.2,3.07,150,52.147335,-0.461245,37.8,,3
566,0,1,1982.43,3.07,151,52.147328,-0.461288,37.8,,3
567,0,1,1985.15,3.03,151,52.147323,-0.461331,37.8,,2
568,0,1,1988.18,3.03,151,52.147319,-0.461375,37.8,,3
569,0,1,1991.65,3.05,151,52.147317,-0.461419,37.8,,3
570,0,1,1994.88,3.07,152,52.147315,-0.461465,37.8,,3
571,0,1,1997.94,3.07,152,52.147314,-0.461512,37.8,,3
572,0,1,2000.81,3.08,152,52.147311,-0.461559,37.8,,2
573,0,1,2003.85,3.07,152,52.147306,-0.461606,37.8,,3
574,0,1,2006.91,3.07,153,52.147298,-0.461654,37.8,,3
575,0,1,2010.51,3.08,153,52.147287,-0.461701,37.8,,2
576,0,1,2014.07,3.14,153,52.147273,-0.461749,37.8,,3
577,0,1,2017.87,3.23,153,52.147257,-0.461795,37.8,,3
578,0,1,2020.5,3.28,154,52.14724,-0.46184,37.8,,3
579,0,1,2023.58,3.28,154,52.147223,-0.461884,37.8,,2
580,0,1,2026.85,3.28,154,52.147208,-0.461927,37.8,,3
581,0,1,2031.56,3.28,155,52.147193,-0.461968,37.8,,3
582,0,1,2034.55,3.28,155,52.147179,-0.462009,37.8,,3
583,0,1,2037.44,3.28,155,52.147167,-0.46205,37.8,,3
584,0,1,2041.57,3.28,155,52.147155,-0.462094,37.8,,3
585,0,1,2044.47,3.28,156,52.147144,-0.462139,37.8,,2
586,0,1,2047.73,3.28,156,52.147135,-0.462188,37.8,,3
587,0,1,2051.27,3.28,156,52.147126,-0.462238,37.9,,3
588,0,1,2054.76,3.28,156,52.147117,-0.46229,37.9,,3
589,0,1,2058.19,3.28,157,52.147109,-0.462341,37.9,,3
590,0,1,2061.77,3.28,157,52.1471,-0.462392,37.9,,2
591,0,1,2065.02,3.28,157,52.147092,-0.46244,38.0,,3
592,0,1,2068.04,3.28,157,52.147083,-0.462487,38.0,,3
593,0,1,2072.3,3.28,158,52.147074,-0.462533,38.0,,3
594,0,1,2075.45,3.28,158,52.147065,-0.462579,38.0,,2
595,0,1,2078.67,3.28,158,52.147056,-0.462624,38.0,,3
596,0,1,2081.96,3.28,158,52.147049,-0.46267,38.0,,3
597,0,1,2085.4,3.28,159,52.147042,-0.462717,38.0,,3
598,0,1,2088.41,3.28,159,52.147036,-0.462764,38.0,,2
599,0,1,2092.03,3.28,159,52.147032,-0.462811,38.0,,3
600,0,1,2094.84,3.28,159,52.147028,-0.462855,38.0,,3
601,0,1,2097.49,3.28,160,52.147024,-0.462897,38.0,,3
602,0,1,2101.86,3.28,160,52.147022,-0.462936,38.0,,3
603,0,1,2104.91,3.28,160,52.14702,-0.462976,38.0,,2
604,0,1,2107.88,3.28,160,52.147016,-0.463022,38.0,,3
605,0,1,2110.43,3.28,161,52.147012,-0.463078,38.0,,3
606,0,1,2114.08,3.28,161,52.147005,-0.46314,38.0,,1
607,0,1,2117.82,3.28,161,52.146998,-0.463201,38.0,,3
608,0,1,2120.78,3.28,162,52.146991,-0.463258,38.0,,2
609,0,1,2124.27,3.28,162,52.146983,-0.463311,38.0,,3
610,0,1,2128.0,3.28,162,52.146976,-0.463362,38.0,,3
611,0,1,2132.61,3.28,162,52.146969,-0.463413,38.0,,3
612,0,1,2135.75,3.28,163,52.146963,-0.463466,38.0,,2
613,0,1,2138.91,3.28,163,52.146958,-0.463521,38.0,,3
614,0,1,2144.05,3.28,163,52.146951,-0.463576,38.0,,3
615,0,1,2147.4,3.28,163,52.146939,-0.463629,38.0,,3
616,0,1,2150.94,3.28,164,52.14692,-0.463677,38.0,,2
617,0,1,2154.37,3.28,164,52.146896,-0.46372,37.9,,3
618,0,1,2158.17,3.28,164,52.146869,-0.463758,37.9,,3
619,0,1,2161.85,3.29,164,52.146841,-0.463792,37.8,,3
620,0,1,2165.74,3.29,165,52.146814,-0.463822,37.7,,3
621,0,1,2168.52,3.29,165,52.14679,-0.463847,37.7,,2
622,0,1,2171.09,3.29,165,52.146768,-0.463869,37.6,,3
623,0,1,2177.58,3.29,165,52.146751,-0.463894,37.5,,3
624,0,1,2180.28,3.3,166,52.146737,-0.463927,37.5,,2
625,0,1,2183.52,3.3,166,52.146725,-0.463972,37.4,,3
626,0,1,2186.77,3.3,166,52.146715,-0.464028,37.3,,3
627,0,1,2190.15,3.3,166,52.146707,-0.464087,37.2,,3
628,0,1,2193.88,3.3,167,52.146701,-0.464142,37.1,,3
629,0,1,2196.78,3.3,167,52.146697,-0.464188,37.1,,2
630,0,1,2200.06,3.3,167,52.146692,-0.464241,37.1,,3
631,0,1,2203.97,3.3,167,52.146685,-0.464301,37.1,,3
632,0,1,2206.99,3.3,168,52.146674,-0.464358,37.0,,2
633,0,1,2210.89,3.3,168,52.146661,-0.464407,37.0,,3
634,0,1,2214.27,3.3,168,52.146644,-0.464451,37.0,,3
635,0,1,2217.82,3.3,169,52.146626,-0.464492,37.0,,3
636,0,1,2220.89,3.31,169,52.146606,-0.464534,37.1,,2
637,0,1,2224.3,3.31,169,52.146584,-0.464576,37.1,,3
638,0,1,2228.77,3.31,169,52.146561,-0.464618,37.1,,2
639,0,1,2232.4,3.31,170,52.146537,-0.464657,37.2,,3
640,0,1,2235.76,3.32,170,52.146512,-0.464694,37.2,,4
641,0,1,2240.04,3.32,170,52.146487,-0.464729,37.2,,2
642,0,1,2243.32,3.32,170,52.146461,-0.464762,37.2,,3
643,0,1,2246.66,3.32,171,52.146436,-0.464792,37.3,,3
644,0,1,2251.0,3.32,171,52.146412,-0.46482,37.3,,2
645,0,1,2253.73,3.33,171,52.146388,-0.464844,37.3,,6
646,0,1,2256.37,3.33,171,52.146364,-0.464864,37.4,,6
647,0,1,2261.27,3.33,172,52.146341,-0.46488,37.4,,3
648,0,1,2263.58,3.33,172,52.146319,-0.464893,37.4,,3
649,0,1,2269.48,3.33,172,52.146296,-0.464904,37.4,,3
650,0,1,2274.69,3.33,172,52.146273,-0.464915,37.5,,2
651,0,1,2277.79,3.33,173,52.146249,-0.464927,37.5,,3
652,0,1,2280.79,3.32,173,52.146224,-0.464941,37.5,,3
653,0,1,2284.04,3.32,173,52.146197,-0.464959,37.6,,2
654,0,1,2287.39,3.32,173,52.146169,-0.46498,37.6,,3
655,0,1,2290.77,3.32,174,52.146142,-0.465004,37.6,,3
656,0,1,2294.02,3.32,174,52.146114,-0.465032,37.7,,3
657,0,1,2297.33,3.32,174,52.146089,-0.465062,37.7,,3
658,0,1,2300.84,3.32,175,52.146065,-0.465095,37.8,,2
659,0,1,2304.15,3.32,175,52.146043,-0.46513,37.8,,3
660,0,1,2307.54,3.32,175,52.146021,-0.465168,37.9,,3
661,0,1,2307.54,3.32,175,52.146,-0.465208,37.9,,3
662,0,1,2307.54,3.32,176,52.145978,-0.465249,37.9,,2
663,0,1,2311.0,3.32,176,52.145955,-0.465292,38.0,,3
664,0,1,2315.01,3.32,176,52.14593,-0.465338,38.0,,2
665,0,1,2319.16,3.32,176,52.145903,-0.465386,38.0,,3
666,0,1,2323.51,3.33,177,52.145876,-0.465435,38.0,,3
667,0,1,2326.68,3.33,177,52.145854,-0.465478,38.0,,3
668,0,1,2330.12,3.33,177,52.145834,-0.465517,38.0,,2
669,0,1,2333.45,3.34,177,52.145812,-0.465557,38.0,,3
670,0,1,2339.76,3.34,178,52.145789,-0.4656,37.9,,3
671,0,1,2342.97,3.34,178,52.145766,-0.465643,37.9,,3
672,0,1,2345.93,3.35,178,52.145746,-0.465686,37.9,,2
673,0,1,2350.72,3.35,178,52.145727,-0.46573,37.8,,3
674,0,1,2354.48,3.35,179,52.145709,-0.465774,37.8,,3
675,0,1,2357.75,3.35,179,52.145691,-0.465818,37.8,,5
676,0,1,2361.62,3.36,179,52.145672,-0.465866,37.8,,5
677,0,1,2365.77,3.36,179,52.145652,-0.465918,37.8,,6
678,0,1,2369.27,3.36,180,52.145634,-0.465962,37.8,,6
679,0,1,2373.65,3.36,180,52.145617,-0.466002,37.8,,3
680,0,1,2376.9,3.37,180,52.145598,-0.466047,37.8,,3
681,0,1,2380.44,3.37,181,52.145578,-0.466096,37.8,,3
682,0,1,2385.28,3.37,181,52.145558,-0.466149,37.8,,2
683,0,1,2388.94,3.37,181,52.145537,-0.466205,37.8,,3
684,0,1,2393.32,3.38,181,52.145516,-0.466261,37.8,,3
685,0,1,2396.41,3.38,182,52.145496,-0.466317,37.8,,3
686,0,1,2400.52,3.39,182,52.145477,-0.466371,37.8,,2
687,0,1,2404.67,3.39,182,52.145459,-0.466423,37.9,,3
688,0,1,2409.35,3.4,182,52.145442,-0.466473,37.9,,2
689,0,1,2413.23,3.4,183,52.145426,-0.466524,37.9,,4
690,0,1,2416.96,3.4,183,52.145411,-0.466575,37.9,,2
691,0,1,2422.48,3.41,183,52.145397,-0.466627,38.0,,3
692,0,1,2426.22,3.41,184,52.145384,-0.466679,38.0,,3
693,0,1,2429.4,3.42,184,52.145373,-0.466727,38.0,,2
694,0,1,2433.94,3.42,184,52.145364,-0.46677,38.1,,3
695,0,1,2436.98,3.43,184,52.145356,-0.466811,38.1,,3
696,0,1,2439.8,3.43,185,52.145351,-0.46685,38.1,,3
697,0,1,2443.75,3.43,185,52.145349,-0.466891,38.2,,2
698,0,1,2446.64,3.43,185,52.14535,-0.466932,38.2,,3
699,0,1,2449.64,3.43,185,52.145352,-0.466975,38.2,,3
700,0,1,2452.53,3.43,186,52.145355,-0.467019,38.2,,3
701,0,1,2455.59,3.43,186,52.145358,-0.467063,38.3,,3
702,0,1,2458.64,3.43,186,52.14536,-0.467108,38.3,,2
703,0,1,2461.37,3.43,187,52.145362,-0.467153,38.3,,3
704,0,1,2464.15,3.43,187,52.145364,-0.467198,38.4,,3
705,0,1,2467.36,3.43,187,52.145366,-0.467244,38.4,,5
706,0,1,2470.47,3.42,187,52.14537,-0.46729,38.4,,5
707,0,1,2473.57,3.42,188,52.145376,-0.467336,38.4,,3
708,0,1,2479.27,3.42,188,52.145383,-0.467383,38.5,,3
709,0,1,2485.77,3.42,188,52.145393,-0.467429,38.5,,2
710,0,1,2489.43,3.42,188,52.145405,-0.467475,38.5,,4
711,0,1,2493.03,3.42,189,52.145419,-0.46752,38.5,,2
712,0,1,2496.68,3.42,189,52.145435,-0.467564,38.5,,3
713,0,1,2500.37,3.42,189,52.145453,-0.467605,38.5,,5
714,0,1,2504.13,3.42,190,52.145472,-0.467644,38.4,,5
715,0,1,2507.77,3.42,190,52.145491,-0.467682,38.4,,4
716,0,1,2510.68,3.42,190,52.145511,-0.467717,38.4,,2
717,0,1,2513.37,3.42,190,52.14553,-0.467751,38.4,,3
718,0,1,2516.2,3.42,191,52.14555,-0.467784,38.3,,3
719,0,1,2519.39,3.42,191,52.145569,-0.467817,38.3,,2
720,0,1,2522.65,3.42,191,52.145589,-0.46785,38.3,,4
721,0,1,2525.94,3.42,191,52.14561,-0.467883,38.3,,2
722,0,1,2529.23,3.42,192,52.145631,-0.467916,38.2,,2
723,0,1,2532.39,3.42,192,52.145653,-0.467949,38.2,,3
724,0,1,2535.65,3.42,192,52.145677,-0.467982,38.2,,3
725,0,1,2538.87,3.42,193,52.145703,-0.468015,38.2,,3
726,0,1,2542.31,3.42,193,52.14573,-0.468048,38.1,,3
727,0,1,2546.56,3.42,193,52.14576,-0.46808,38.1,,2
728,0,1,2550.41,3.42,193,52.145792,-0.468109,38.0,,3
729,0,1,2553.83,3.42,194,52.145822,-0.468131,38.0,,3
730,0,1,2557.21,3.42,194,52.145849,-0.468146,38.1,,2
731,0,1,2560.79,3.42,194,52.145885,-0.468176,38.2,,3
732,0,1,2563.94,3.42,194,52.145917,-0.4682,38.3,,3
733,0,1,2567.12,3.42,195,52.145947,-0.468216,38.4,,3
734,0,1,2570.86,3.42,195,52.145982,-0.468231,38.5,,3
735,0,1,2574.47,3.43,195,52.146017,-0.468243,38.7,,5
736,0,1,2577.82,3.43,196,52.146046,-0.468248,38.8,,5
737,0,1,2580.87,3.43,196,52.146075,-0.468251,38.9,,3
738,0,1,2580.87,3.43,196,52.146107,-0.46826,39.0,,3
739,0,1,2580.87,3.43,196,52.146138,-0.468273,39.1,,2
740,0,1,2584.16,3.43,197,52.146167,-0.468288,39.2,,3
741,0,1,2587.37,3.43,197,52.146196,-0.468303,39.3,,3
742,0,1,2590.57,3.43,197,52.146225,-0.468317,39.4,,3
743,0,1,2593.3,3.43,197,52.146255,-0.468329,39.5,,2
744,0,1,2596.62,3.43,198,52.146284,-0.468341,39.6,,3
745,0,1,2600.1,3.43,198,52.146313,-0.468353,39.8,,3
746,0,1,2603.19,3.43,198,52.146341,-0.468366,39.9,,3
747,0,1,2606.39,3.43,198,52.146368,-0.468382,40.0,,2
748,0,1,2606.39,3.43,199,52.146393,-0.4684,40.1,,3
749,0,1,2606.39,3.43,199,52.146417,-0.468421,40.3,,3
750,0,1,2609.31,3.43,199,52.14644,-0.468445,40.4,,3
751,0,1,2620.69,3.43,200,52.146463,-0.468472,40.6,,3
752,0,1,2623.78,3.43,200,52.146485,-0.468502,40.7,,2
753,0,1,2626.72,3.43,200,52.146508,-0.468536,40.9,,3
754,0,1,2633.4,3.43,200,52.146531,-0.468573,41.0,,3
755,0,1,2636.99,3.43,201,52.146554,-0.468609,41.2,,2
756,0,1,2642.98,3.43,201,52.146577,-0.468645,41.4,,3
757,0,1,2650.36,3.43,201,52.1466,-0.468677,41.6,,3
758,0,1,2654.28,3.43,201,52.146625,-0.468706,41.7,,3
759,0,1,2657.36,3.43,202,52.146649,-0.468731,41.9,,2
760,0,1,2660.49,3.42,202,52.146675,-0.468753,42.1,,4
761,0,1,2663.72,3.42,202,52.146702,-0.468773,42.3,,2
762,0,1,2666.91,3.42,203,52.14673,-0.468792,42.6,,3
763,0,1,2670.21,3.42,203,52.14676,-0.468811,42.9,,2
764,0,1,2673.97,3.43,203,52.146792,-0.468829,43.2,,3
765,0,1,2677.66,3.43,203,52.146824,-0.468846,43.4,,6
766,0,1,2677.66,3.43,204,52.146855,-0.468861,43.7,,6
767,0,1,2677.66,3.43,204,52.146884,-0.468872,43.9,,3
768,0,1,2680.75,3.43,204,52.146909,-0.468877,44.2,,2
769,0,1,2684.57,3.43,204,52.14693,-0.468876,44.3,,3
770,0,1,2692.24,3.43,205,52.146947,-0.468872,44.4,,3
771,0,1,2695.06,3.42,205,52.146963,-0.468868,44.5,,3
772,0,1,2696.93,3.42,205,52.146979,-0.468868,44.7,,2
773,0,1,2698.76,3.41,206,52.146996,-0.46887,44.8,,3
774,0,1,2700.45,3.15,206,52.147013,-0.46887,44.9,,3
775,0,1,2702.47,2.93,206,52.147031,-0.468866,45.1,,3
776,0,1,2704.56,2.86,206,52.14705,-0.46886,45.2,,3
777,0,1,2706.88,2.83,207,52.147071,-0.468851,45.3,,2
778,0,1,2709.32,2.85,207,52.147095,-0.468841,45.5,,3
779,0,1,2711.93,2.93,207,52.147121,-0.468829,45.7,,3
780,0,1,2714.87,2.91,207,52.147146,-0.468815,45.8,,2
781,0,1,2717.63,3.02,207,52.147172,-0.468796,46.0,,3
782,0,1,2720.71,3.12,208,52.147199,-0.46877,46.2,,3
783,0,1,2724.16,3.15,208,52.147226,-0.468747,46.4,,1
784,0,1,2727.4,3.2,208,52.147254,-0.468728,46.5,,3
785,0,1,2730.49,3.26,208,52.147281,-0.468711,46.7,,2
786,0,1,2733.84,3.26,209,52.147307,-0.468695,46.9,,3
787,0,1,2736.95,3.22,209,52.147332,-0.468678,47.1,,2
788,0,1,2739.82,3.18,209,52.147355,-0.468659,47.2,,3
789,0,1,2742.62,3.17,210,52.147376,-0.468638,47.4,,3
790,0,1,2745.45,3.11,210,52.147395,-0.468616,47.5,,3
791,0,1,2748.15,3.06,210,52.147414,-0.468594,47.6,,3
792,0,1,2750.65,3.02,210,52.147433,-0.46857,47.7,,2
793,0,1,2753.1,2.94,210,52.147451,-0.468546,47.9,,3
794,0,1,2755.37,2.94,211,52.147469,-0.46852,48.0,,3
795,0,1,2757.88,2.94,211,52.147487,-0.468494,48.1,,5
796,0,1,2760.95,2.94,211,52.147505,-0.468466,48.2,,5
797,0,1,2764.01,2.94,211,52.147524,-0.468438,48.4,,3
798,0,1,2767.03,2.94,212,52.147542,-0.468408,48.5,,3
799,0,1,2770.08,2.94,212,52.14756,-0.468377,48.6,,3
800,0,1,2773.16,2.94,212,52.147577,-0.468346,48.8,,3
801,0,1,2776.2,2.94,212,52.147592,-0.468314,48.9,,2
802,0,1,2779.15,2.94,213,52.147606,-0.468282,48.9,,3
803,0,1,2782.27,2.94,213,52.14762,-0.46825,49.0,,3
804,0,1,2785.14,2.94,213,52.147634,-0.468217,49.1,,2
805,0,1,2785.14,2.94,213,52.14765,-0.468184,49.2,,4
806,0,1,2785.14,2.94,213,52.147665,-0.468148,49.3,,2
807,0,1,2788.59,2.94,214,52.14768,-0.468108,49.3,,3
808,0,1,2791.13,2.94,214,52.147692,-0.468063,49.4,,3
809,0,1,2794.82,2.94,214,52.147702,-0.468014,49.4,,2
810,0,1,2798.53,2.94,214,52.147709,-0.467961,49.3,,3
811,0,1,2801.37,2.94,215,52.147715,-0.467906,49.3,,3
812,0,1,2804.97,2.94,215,52.14772,-0.467848,49.2,,2
813,0,1,2808.95,2.94,215,52.147724,-0.46779,49.1,,3
814,0,1,2812.75,2.95,215,52.147727,-0.467732,49.1,,3
815,0,1,2816.64,2.95,216,52.147729,-0.467674,49.0,,3
816,0,1,2820.71,2.95,216,52.147731,-0.467616,48.9,,3
817,0,1,2824.71,2.93,216,52.147732,-0.467559,48.8,,2
818,0,1,2828.53,3.11,216,52.147732,-0.467502,48.7,,3
819,0,1,2832.39,3.26,217,52.147732,-0.467446,48.5,,3
820,0,1,2836.72,3.32,217,52.147731,-0.467391,48.3,,2
821,0,1,2840.4,3.39,217,52.147729,-0.467335,48.1,,3
822,0,1,2844.24,3.46,217,52.147725,-0.46728,47.9,,3
823,0,1,2848.37,3.54,218,52.147721,-0.467223,47.8,,2
824,0,1,2858.72,3.58,218,52.147716,-0.467168,47.6,,3
825,0,1,2863.85,3.59,218,52.147713,-0.467117,47.4,,6
826,0,1,2867.34,3.56,218,52.147711,-0.467069,47.2,,6
827,0,1,2870.56,3.53,219,52.147709,-0.467023,47.1,,3
828,0,1,2873.74,3.49,219,52.147707,-0.466979,46.9,,3
829,0,1,2877.14,3.48,219,52.147705,-0.466934,46.8,,3
830,0,1,2880.5,3.47,220,52.147702,-0.466889,46.6,,2
831,0,1,2880.5,3.45,220,52.147698,-0.466841,46.5,,3
832,0,1,2880.5,3.49,220,52.147694,-0.466793,46.3,,3
833,0,1,2884.01,3.49,220,52.147689,-0.466743,46.1,,3
834,0,1,2886.91,3.46,221,52.147686,-0.466692,46.0,,2
835,0,1,2890.11,3.41,221,52.147685,-0.466641,45.8,,3
836,0,1,2893.36,3.39,221,52.147686,-0.46659,45.7,,3
837,0,1,2897.29,3.41,221,52.14769,-0.46654,45.5,,3
838,0,1,2900.84,3.41,222,52.147695,-0.46649,45.4,,2
839,0,1,2904.29,3.41,222,52.147703,-0.46644,45.3,,3
840,0,1,2907.67,3.41,222,52.147711,-0.466391,45.2,,3
841,0,1,2910.9,3.41,223,52.147719,-0.466343,45.1,,2
842,0,1,2914.22,3.41,223,52.147729,-0.466296,45.0,,4
843,0,1,2918.21,3.41,223,52.147739,-0.466248,44.9,,2
844,0,1,2921.87,3.41,223,52.147751,-0.466196,44.7,,3
845,0,1,2925.8,3.41,224,52.147764,-0.466141,44.6,,3
846,0,1,2928.7,3.41,224,52.147775,-0.466087,44.5,,2
847,0,1,2931.97,3.41,224,52.147781,-0.466037,44.3,,3
848,0,1,2935.36,3.41,224,52.147781,-0.46599,44.2,,3
849,0,1,2939.79,3.41,225,52.147776,-0.465941,44.0,,3
850,0,1,2943.26,3.41,225,52.147768,-0.465888,43.8,,2
851,0,1,2946.84,3.41,225,52.14776,-0.465833,43.6,,3
852,0,1,2950.29,3.41,226,52.147756,-0.465777,43.4,,3
853,0,1,2953.84,3.41,226,52.147759,-0.465722,43.3,,2
854,0,1,2957.27,3.41,226,52.147769,-0.465669,43.1,,3
855,0,1,2961.29,3.42,226,52.147785,-0.465622,43.0,,6
856,0,1,2964.8,3.42,227,52.147806,-0.465582,42.9,,6
857,0,1,2968.11,3.42,227,52.14783,-0.465551,42.8,,3
858,0,1,2971.82,3.42,227,52.147856,-0.465531,42.8,,3
859,0,1,2975.12,3.42,227,52.147884,-0.465518,42.8,,2
860,0,1,2978.48,3.42,228,52.147913,-0.465506,42.8,,3
861,0,1,2981.71,3.42,228,52.147942,-0.46549,42.8,,3
862,0,1,2990.35,3.42,228,52.14797,-0.46547,42.8,,2
863,0,1,2994.72,3.42,228,52.147996,-0.465445,42.7,,3
864,0,1,2998.23,3.42,229,52.148019,-0.465413,42.6,,3
865,0,1,3001.56,3.42,229,52.148041,-0.465378,42.5,,3
866,0,1,3002.24,3.42,229,52.14806,-0.465341,42.4,,3
867,0,1,3007.6,3.42,230,52.148079,-0.465304,42.2,,3
868,0,1,3011.39,3.43,230,52.148096,-0.465266,42.1,,2
869,0,1,3014.53,3.43,230,52.148113,-0.465228,41.9,,3
870,0,1,3017.86,3.43,230,52.148131,-0.465189,41.8,,3
871,0,1,3021.29,3.43,231,52.148151,-0.465151,41.6,,3
872,0,1,3024.9,3.43,231,52.148176,-0.465116,41.5,,2
873,0,1,3028.74,3.43,231,52.148202,-0.465083,41.4,,3
874,0,1,3032.61,3.43,231,52.148229,-0.465055,41.2,,3
875,0,1,3036.26,3.43,232,52.148255,-0.46503,41.1,,3
876,0,1,3039.53,3.43,232,52.14828,-0.465009,41.0,,3
877,0,1,3042.47,3.43,232,52.148304,-0.46499,41.0,,2
878,0,1,3045.53,3.43,233,52.148326,-0.464973,41.0,,3
879,0,1,3045.53,3.43,233,52.148348,-0.464956,41.0,,2
880,0,1,3045.53,3.43,233,52.148369,-0.46494,41.1,,4
881,0,1,3048.37,3.43,233,52.148391,-0.464925,41.3,,2
882,0,1,3050.58,3.43,234,52.148416,-0.464913,41.4,,3
883,0,1,3053.48,3.43,234,52.148445,-0.464904,41.6,,3
884,0,1,3056.8,3.43,234,52.148477,-0.464898,41.7,,2
885,0,1,3059.1,3.43,234,52.14851,-0.464891,41.9,,6
886,0,1,3062.63,3.43,235,52.148543,-0.464882,42.1,,6
887,0,1,3066.32,3.43,235,52.148576,-0.464872,42.3,,3
888,0,1,3069.36,3.43,235,52.148609,-0.46486,42.5,,3
889,0,1,3072.55,3.43,236,52.148641,-0.464847,42.7,,2
890,0,1,3075.87,3.43,236,52.148672,-0.464834,42.8,,3
891,0,1,3080.6,3.43,236,52.148702,-0.464821,43.0,,3
892,0,1,3084.14,3.43,236,52.148731,-0.464807,43.2,,3
893,0,1,3087.32,3.43,237,52.148759,-0.464792,43.3,,5
894,0,1,3091.01,3.43,237,52.148787,-0.464776,43.5,,5
895,0,1,3094.2,3.43,237,52.148814,-0.464758,43.6,,3
896,0,1,3097.53,3.43,237,52.14884,-0.464739,43.7,,3
897,0,1,3100.95,3.43,238,52.148866,-0.464716,43.9,,3
898,0,1,3103.95,3.43,238,52.148891,-0.464692,44.0,,2
899,0,1,3107.0,3.43,238,52.148916,-0.464666,44.1,,3
900,0,1,3111.05,3.43,239,52.148941,-0.464639,44.2,,3
901,0,1,3114.29,3.43,239,52.148965,-0.46461,44.3,,2
902,0,1,3117.64,3.43,239,52.148989,-0.464582,44.4,,3
903,0,1,3120.86,3.43,239,52.149012,-0.464553,44.5,,3
904,0,1,3123.92,3.43,240,52.149034,-0.464524,44.6,,3
905,0,1,3127.13,3.43,240,52.149056,-0.464495,44.7,,2
906,0,1,3130.73,3.43,240,52.149078,-0.464465,44.8,,3
907,0,1,3133.8,3.43,240,52.149098,-0.464435,44.9,,3
908,0,1,3136.51,3.43,241,52.149118,-0.464405,45.0,,3
909,0,1,3139.95,3.43,241,52.149137,-0.464374,45.1,,2
910,0,1,3142.71,3.43,241,52.149155,-0.464343,45.1,,3
911,0,1,3145.43,3.43,242,52.149173,-0.46431,45.2,,3
912,0,1,3148.87,3.43,242,52.14919,-0.464275,45.2,,2
913,0,1,3152.1,3.43,242,52.149209,-0.464237,45.3,,3
914,0,1,3154.3,3.43,242,52.149227,-0.464197,45.3,,3
915,0,1,3157.18,3.43,243,52.149246,-0.464155,45.4,,6
916,0,1,3160.16,3.42,243,52.149264,-0.464111,45.3,,6
917,0,1,3160.16,3.42,243,52.149282,-0.464067,45.3,,3
918,0,1,3160.16,3.42,243,52.1493,-0.464022,45.3,,2
919,0,1,3163.53,3.42,244,52.149316,-0.463978,45.3,,3
920,0,1,3166.79,3.42,244,52.14933,-0.463935,45.2,,3
921,0,1,3170.22,3.42,244,52.149344,-0.463893,45.2,,2
922,0,1,3175.42,3.42,245,52.149356,-0.463851,45.2,,3
923,0,1,3178.33,3.42,245,52.149368,-0.463808,45.1,,3
924,0,1,3181.26,3.42,245,52.149379,-0.463762,45.0,,3
925,0,1,3191.55,3.42,245,52.14939,-0.463714,45.0,,3
926,0,1,3194.5,3.42,246,52.149401,-0.463664,44.9,,2
927,0,1,3198.16,3.42,246,52.14941,-0.463613,44.8,,3
928,0,1,3202.18,3.42,246,52.149418,-0.463563,44.8,,2
929,0,1,3205.72,3.41,246,52.149426,-0.463512,44.7,,3
930,0,1,3209.15,3.41,247,52.149436,-0.463461,44.6,,3
931,0,1,3212.92,3.41,247,52.149449,-0.463411,44.5,,2
932,0,1,3216.37,3.41,247,52.149462,-0.46336,44.5,,3
933,0,1,3220.41,3.41,247,52.149475,-0.463307,44.4,,3
934,0,1,3224.27,3.41,248,52.149484,-0.463252,44.4,,2
935,0,1,3227.97,3.42,248,52.149492,-0.463196,44.3,,3
936,0,1,3231.75,3.42,248,52.1495,-0.463138,44.2,,2
937,0,1,3236.28,3.42,249,52.149509,-0.463081,44.1,,3
938,0,1,3240.13,3.42,249,52.149518,-0.463023,44.0,,3
939,0,1,3244.11,3.42,249,52.149526,-0.462965,43.9,,3
940,0,1,3248.2,3.43,249,52.149534,-0.462908,43.8,,3
941,0,1,3252.0,3.43,250,52.149541,-0.462851,43.7,,3
942,0,1,3255.64,3.43,250,52.149546,-0.462796,43.6,,2
943,0,1,3260.28,3.43,250,52.14955,-0.462741,43.5,,3
944,0,1,3264.08,3.44,250,52.149554,-0.462688,43.4,,3
945,0,1,3267.78,3.44,251,52.149557,-0.462635,43.3,,6
946,0,1,3271.76,3.44,251,52.149559,-0.462583,43.1,,6
947,0,1,3275.13,3.44,251,52.149561,-0.462532,43.0,,2
948,0,1,3278.42,3.45,252,52.149562,-0.462482,42.9,,3
949,0,1,3282.69,3.45,252,52.149563,-0.462432,42.7,,3
950,0,1,3286.14,3.45,252,52.149562,-0.462383,42.5,,3
951,0,1,3289.59,3.45,252,52.149561,-0.462333,42.4,,3
952,0,1,3292.85,3.45,253,52.149559,-0.462283,42.2,,2
953,0,1,3296.03,3.45,253,52.149555,-0.462233,42.0,,3
954,0,1,3299.6,3.45,253,52.14955,-0.462183,41.8,,3
955,0,1,3303.03,3.45,253,52.149543,-0.462132,41.6,,2
956,0,1,3306.41,3.45,254,52.149534,-0.462082,41.4,,3
957,0,1,3309.92,3.45,254,52.149524,-0.462032,41.3,,3
958,0,1,3313.73,3.45,254,52.149511,-0.461982,41.1,,2
959,0,1,3317.26,3.45,255,52.149498,-0.461934,40.9,,4
960,0,1,3320.87,3.45,255,52.149483,-0.461886,40.7,,2
961,0,1,3324.34,3.45,255,52.149468,-0.46184,40.6,,3
962,0,1,3327.88,3.45,255,52.149452,-0.461796,40.4,,2
963,0,1,3331.07,3.45,256,52.149437,-0.461754,40.3,,3
964,0,1,3334.98,3.46,256,52.149423,-0.461713,40.1,,3
965,0,1,3344.02,3.46,256,52.149407,-0.461673,40.0,,3
966,0,1,3348.46,3.46,256,52.149389,-0.461631,40.0,,3
967,0,1,3351.8,3.46,257,52.149368,-0.461586,40.0,,2
968,0,1,3355.72,3.46,257,52.149345,-0.461541,39.9,,3
969,0,1,3359.93,3.46,257,52.14932,-0.461499,39.9,,3
970,0,1,3364.04,3.46,258,52.149295,-0.461461,39.9,,3
971,0,1,3367.91,3.46,258,52.149269,-0.461424,39.9,,3
972,0,1,3371.8,3.46,258,52.149242,-0.461389,39.9,,2
973,0,1,3375.64,3.47,258,52.149216,-0.461356,40.0,,3
974,0,1,3379.11,3.47,259,52.14919,-0.461322,40.0,,3
975,0,1,3382.69,3.47,259,52.149164,-0.461288,40.0,,5
976,0,1,3386.6,3.47,259,52.149138,-0.461254,39.9,,5
977,0,1,3390.28,3.48,259,52.149113,-0.461218,39.8,,3
978,0,1,3393.87,3.48,260,52.149089,-0.46118,39.7,,3
979,0,1,3397.58,3.48,260,52.149066,-0.46114,39.6,,3
980,0,1,3401.31,3.48,260,52.149045,-0.461098,39.6,,3
981,0,1,3405.07,3.48,261,52.149024,-0.461053,39.5,,3
982,0,1,3409.08,3.49,261,52.149004,-0.461008,39.4,,2
983,0,1,3409.08,3.49,261,52.148986,-0.460961,39.3,,3
984,0,1,3409.08,3.49,261,52.148968,-0.460914,39.3,,2
985,0,1,3412.5,3.49,262,52.148951,-0.460868,39.2,,4
986,0,1,3416.37,3.49,262,52.148934,-0.460822,39.2,,2
987,0,1,3419.88,3.49,262,52.148918,-0.460775,39.1,,3
988,0,1,3423.91,3.5,262,52.148904,-0.460725,39.0,,3
989,0,1,3427.14,3.5,263,52.148891,-0.460671,38.9,,2
990,0,1,3430.75,3.5,263,52.148881,-0.460616,38.9,,3
991,0,1,3434.42,3.5,263,52.148873,-0.460563,38.8,,3
992,0,1,3438.28,3.51,264,52.148869,-0.460514,38.8,,2
993,0,1,3441.56,3.51,264,52.148866,-0.460469,38.8,,3
994,0,1,3444.66,3.51,264,52.148862,-0.460425,38.8,,3
995,0,1,3448.85,3.51,264,52.148856,-0.460381,38.7,,2
996,0,1,3452.11,3.51,265,52.148849,-0.460336,38.7,,3
997,0,1,3455.3,3.51,265,52.148842,-0.460291,38.7,,3
998,0,1,3458.4,3.51,265,52.148837,-0.460245,38.7,,3
999,0,1,3461.72,3.51,265,52.148834,-0.460199,38.6,,3
1000,0,1,3464.91,3.51,266,52.148833,-0.460154,38.6,,2
1001,0,1,3467.81,3.5,266,52.148833,-0.460111,38.6,,3
1002,0,1,3470.69,3.5,266,52.148834,-0.460071,38.6,,3
1003,0,1,3473.05,3.5,266,52.148834,-0.460033,38.6,,2
1004,0,1,3477.15,3.5,267,52.148833,-0.459993,38.6,,3
1005,0,1,3480.46,3.5,267,52.14883,-0.459944,38.5,,6
1006,0,1,3483.98,3.5,267,52.148825,-0.459886,38.4,,6
1007,0,1,3485.96,3.5,268,52.148822,-0.459831,38.3,,3
1008,0,1,3488.79,3.49,268,52.148823,-0.45979,38.3,,2
1009,0,1,3491.72,3.49,268,52.148822,-0.459745,38.2,,3
1010,0,1,3496.33,3.49,268,52.148819,-0.459695,38.2,,3
1011,0,1,3499.77,3.49,269,52.148814,-0.45964,38.1,,3
1012,0,1,3503.24,3.49,269,52.148808,-0.459584,38.0,,2
1013,0,1,3506.83,3.49,269,52.148801,-0.459528,37.9,,3
1014,0,1,3510.36,3.49,269,52.148796,-0.459473,37.9,,3
1015,0,1,3513.78,3.49,270,52.148792,-0.459422,37.8,,3
1016,0,1,3517.76,3.5,270,52.148787,-0.459374,37.7,,3
1017,0,1,3521.15,3.5,270,52.148783,-0.459329,37.7,,2
1018,0,1,3524.07,3.5,271,52.148777,-0.459288,37.6,,3
1019,0,1,3528.08,3.5,271,52.148771,-0.459253,37.6,,3
1020,0,1,3530.47,3.5,271,52.148763,-0.459222,37.6,,3
1021,0,1,3532.56,3.5,271,52.148753,-0.459195,37.5,,2
1022,0,1,3537.03,3.5,272,52.14874,-0.459172,37.5,,3
1023,0,1,3539.2,3.48,272,52.148723,-0.459151,37.5,,3
1024,0,1,3541.56,3.26,272,52.148701,-0.459131,37.5,,2
1025,0,1,3544.23,3.15,272,52.148675,-0.459112,37.5,,3
1026,0,1,3546.95,3.08,273,52.148646,-0.459097,37.6,,3
1027,0,1,3549.96,3.07,273,52.148618,-0.459087,37.6,,3
1028,0,1,3551.85,3.06,273,52.148593,-0.459083,37.6,,2
1029,0,1,3559.91,3.05,273,52.148567,-0.45908,37.7,,3
1030,0,1,3564.27,3.12,274,52.148535,-0.459074,37.7,,3
1031,0,1,3568.31,3.22,274,52.148504,-0.459069,37.7,,3
1032,0,1,3572.47,3.18,274,52.148475,-0.459067,37.8,,2
1033,0,1,3576.14,3.1,274,52.148448,-0.459069,37.8,,3
1034,0,1,3579.41,3.02,275,52.148425,-0.459077,37.9,,3
1035,0,1,3582.46,2.92,275,52.148402,-0.45909,37.9,,5
1036,0,1,3585.3,2.86,275,52.148378,-0.459104,37.9,,5
1037,0,1,3588.22,2.81,275,52.148354,-0.45912,38.0,,3
1038,0,1,3591.18,2.78,276,52.148329,-0.459137,38.0,,3
1039,0,1,3594.34,2.82,276,52.148304,-0.459153,38.0,,3
1040,0,1,3597.7,2.79,276,52.148279,-0.459169,37.9,,3
1041,0,1,3600.63,2.71,276,52.148255,-0.459183,37.9,,2
1042,0,1,3603.21,2.64,277,52.148232,-0.459194,37.9,,3
1043,0,1,3605.6,2.58,277,52.148209,-0.459204,37.9,,3
1044,0,1,3607.8,2.58,277,52.148188,-0.459213,37.8,,3
1045,0,1,3610.3,2.58,277,52.148166,-0.459223,37.8,,3
1046,0,1,3613.01,2.58,277,52.148144,-0.459233,37.8,,2
1047,0,1,3615.78,2.58,278,52.148122,-0.459245,37.8,,3
1048,0,1,3618.52,2.58,278,52.148101,-0.459261,37.8,,3
1049,0,1,3621.1,2.58,278,52.148083,-0.459285,37.7,,2
1050,0,1,3623.8,2.58,278,52.148069,-0.459319,37.7,,3
1051,0,1,3626.65,2.58,278,52.148056,-0.459362,37.7,,3
1052,0,1,3629.68,2.58,279,52.148042,-0.459416,37.8,,3
1053,0,1,3633.52,2.58,279,52.148023,-0.459477,37.8,,2
1054,0,1,3638.02,2.58,279,52.148004,-0.459537,37.8,,3
1055,0,1,3641.92,2.59,279,52.147986,-0.459589,37.8,,3
1056,0,1,3645.46,2.75,280,52.14797,-0.459635,37.8,,2
1057,0,1,3645.46,2.87,280,52.147955,-0.459677,37.8,,3
1058,0,1,3645.46,2.94,280,52.14794,-0.459717,37.8,,3
1059,0,1,3648.45,2.95,280,52.147924,-0.459754,37.9,,2
1060,0,1,3651.37,2.95,280,52.147907,-0.459788,37.9,,3
1061,0,1,3654.4,2.95,281,52.14789,-0.45982,37.9,,3
1062,0,1,3657.28,2.94,281,52.147873,-0.45985,37.9,,3
1063,0,1,3660.05,2.92,281,52.147857,-0.459877,37.9,,3
1064,0,1,3666.56,2.85,281,52.147841,-0.459902,37.9,,2
1065,0,1,3674.38,2.75,282,52.147827,-0.459925,37.9,,6
1066,0,1,3677.38,2.68,282,52.147812,-0.459949,38.0,,6
1067,0,1,3679.49,2.66,282,52.147798,-0.459973,38.0,,2
1068,0,1,3682.04,2.66,282,52.147785,-0.46,38.0,,3
1069,0,1,3684.54,2.64,282,52.147772,-0.46003,38.0,,3
1070,0,1,3686.72,2.58,283,52.14776,-0.460062,38.0,,3
1071,0,1,3686.72,2.58,283,52.147747,-0.460097,38.0,,3
1072,0,1,3686.72,2.62,283,52.147734,-0.460134,38.0,,2
1073,0,1,3689.69,2.67,283,52.147722,-0.46017,37.9,,3
1074,0,1,3691.97,2.7,284,52.14771,-0.460206,37.9,,3
1075,0,1,3694.41,2.66,284,52.147698,-0.460238,37.9,,2
1076,0,1,3696.73,2.61,284,52.147687,-0.460269,37.9,,3
1077,0,1,3700.31,2.61,284,52.147676,-0.460299,37.9,,3
1078,0,1,3702.52,2.61,284,52.147665,-0.460329,37.9,,3
1079,0,1,3705.3,2.61,285,52.147653,-0.46036,37.9,,3
1080,0,1,3707.69,2.61,285,52.147641,-0.460392,37.9,,2
1081,0,1,3710.46,2.61,285,52.147629,-0.460428,37.9,,3
1082,0,1,3713.12,2.61,285,52.147616,-0.460465,37.9,,2
1083,0,1,3715.22,2.61,285,52.147602,-0.460503,37.9,,3
1084,0,1,3718.0,2.61,286,52.147587,-0.460541,37.9,,3
1085,0,1,3721.37,2.61,286,52.147572,-0.460578,37.9,,3
1086,0,1,3723.16,2.61,286,52.147558,-0.460614,37.9,,3
1087,0,1,3726.2,2.61,286,52.147543,-0.46065,38.0,,2
1088,0,1,3729.17,2.61,287,52.14753,-0.460685,38.0,,3
1089,0,1,3732.39,2.61,287,52.147516,-0.460719,38.0,,3
1090,0,1,3735.09,2.61,287,52.147503,-0.460752,38.0,,3
1091,0,1,3737.57,2.62,287,52.14749,-0.460784,38.0,,2
1092,0,1,3741.48,2.62,287,52.147477,-0.460815,38.0,,3
1093,0,1,3743.78,2.62,288,52.147464,-0.460845,38.0,,3
1094,0,1,3746.07,2.62,288,52.147452,-0.460877,37.9,,3
1095,0,1,3749.6,2.62,288,52.14744,-0.460909,37.9,,5
1096,0,1,3752.11,2.62,288,52.147428,-0.460943,37.9,,5
1097,0,1,3754.79,2.62,288,52.147418,-0.46098,37.9,,3
1098,0,1,3757.45,2.62,289,52.147408,-0.461019,37.9,,3
1099,0,1,3760.31,2.62,289,52.1474,-0.461061,37.9,,3
1100,0,1,3763.24,2.62,289,52.147393,-0.461104,37.9,,2
1101,0,1,3766.03,2.62,289,52.147386,-0.461147,37.9,,3
1102,0,1,3768.6,2.63,289,52.147381,-0.461188,37.9,,3
1103,0,1,3771.55,2.63,290,52.147377,-0.461227,37.9,,3
1104,0,1,3774.64,2.63,290,52.147371,-0.461267,37.8,,2
1105,0,1,3777.38,2.63,290,52.147363,-0.461312,37.8,,3
1106,0,1,3780.43,2.63,290,52.147352,-0.461365,37.8,,3
1107,0,1,3783.12,2.63,291,52.147341,-0.461418,37.8,,3
1108,0,1,3786.76,2.63,291,52.147335,-0.461468,37.8,,2
1109,0,1,3790.13,2.63,291,52.14733,-0.461516,37.8,,3
1110,0,1,3792.44,2.64,291,52.147324,-0.461565,37.8,,3
1111,0,1,3795.74,2.64,291,52.147317,-0.461614,37.8,,3
1112,0,1,3799.03,2.64,292,52.147309,-0.461664,37.8,,2
1113,0,1,3803.85,2.65,292,52.147298,-0.461716,37.8,,3
1114,0,1,3807.71,2.65,292,52.147286,-0.461771,37.8,,3
1115,0,1,3811.34,2.65,292,52.147272,-0.461828,37.8,,2
1116,0,1,3815.53,2.66,292,52.147256,-0.461884,37.8,,3
1117,0,1,3819.61,2.97,293,52.14724,-0.46194,37.8,,3
1118,0,1,3823.11,3.07,293,52.147224,-0.461993,37.8,,3
1119,0,1,3827.63,3.15,293,52.147209,-0.462043,37.8,,2
1120,0,1,3830.97,3.18,293,52.147195,-0.462088,37.8,,3
1121,0,1,3834.07,3.16,294,52.147183,-0.46213,37.8,,3
1122,0,1,3839.32,3.19,294,52.147171,-0.462171,37.8,,3
1123,0,1,3842.27,3.15,294,52.14716,-0.462213,37.9,,2
1124,0,1,3845.4,3.15,295,52.147151,-0.462258,37.9,,3
1125,0,1,3849.43,3.13,295,52.147142,-0.462306,37.9,,6
1126,0,1,3852.94,3.19,295,52.147134,-0.462357,37.9,,6
1127,0,1,3856.83,3.31,295,52.147128,-0.462409,38.0,,3
1128,0,1,3858.95,3.39,296,52.147124,-0.46246,38.0,,2
1129,0,1,3862.26,3.37,296,52.147121,-0.462508,38.0,,3
1130,0,1,3865.3,3.32,296,52.147118,-0.462553,38.0,,2
1131,0,1,3869.37,3.21,296,52.147114,-0.462594,38.0,,4
1132,0,1,3872.08,3.14,297,52.147109,-0.462635,38.0,,2
1133,0,1,3875.48,3.18,297,52.147103,-0.462677,38.0,,3
1134,0,1,3878.75,3.2,297,52.147096,-0.462724,38.0,,3
1135,0,1,3881.9,3.19,297,52.147089,-0.462771,38.0,,3
1136,0,1,3884.65,3.12,298,52.147082,-0.462816,38.0,,2
1137,0,1,3887.85,3.06,298,52.147077,-0.462858,38.0,,3
1138,0,1,3890.91,3.06,298,52.147074,-0.462897,38.0,,3
1139,0,1,3893.62,3.05,298,52.147072,-0.462935,38.0,,2
1140,0,1,3896.55,3.05,299,52.147072,-0.462972,38.0,,3
1141,0,1,3899.17,3.05,299,52.147071,-0.463009,38.0,,3
1142,0,1,3901.85,3.05,299,52.147068,-0.463049,38.0,,2
1143,0,1,3904.75,3.05,299,52.147062,-0.463091,38.0,,3
1144,0,1,3908.17,3.05,300,52.147055,-0.463137,38.0,,3
1145,0,1,3911.68,3.05,300,52.147046,-0.463186,38.0,,3
1146,0,1,3913.19,3.05,300,52.147037,-0.463238,38.0,,2
1147,0,1,3916.72,3.05,300,52.147027,-0.463289,38.0,,3
1148,0,1,3920.32,3.05,301,52.147018,-0.463339,38.0,,3
1149,0,1,3923.44,3.05,301,52.147009,-0.463388,38.0,,3
1150,0,1,3926.71,3.06,301,52.147,-0.463436,38.0,,2
1151,0,1,3930.08,3.06,301,52.14699,-0.463483,38.0,,6
1152,0,1,3934.25,3.06,302,52.146979,-0.463527,38.0,,6
1153,0,1,3937.39,3.06,302,52.146968,-0.46357,38.0,,3
1154,0,1,3940.63,3.06,302,52.146955,-0.463612,38.0,,3
1155,0,1,3944.31,3.07,302,52.14694,-0.463651,38.0,,5
1156,0,1,3947.51,3.07,303,52.146924,-0.46369,38.0,,5
1157,0,1,3950.66,3.07,303,52.146904,-0.463727,37.9,,3
1158,0,1,3953.76,3.07,303,52.146883,-0.463762,37.9,,3
1159,0,1,3957.16,3.07,303,52.146859,-0.463796,37.8,,2
1160,0,1,3960.39,3.07,304,52.146834,-0.463827,37.8,,3
1161,0,1,3963.64,3.07,304,52.14681,-0.463856,37.7,,3
1162,0,1,3966.98,3.07,304,52.146787,-0.463885,37.6,,3
1163,0,1,3969.89,3.08,304,52.146769,-0.463918,37.6,,3
1164,0,1,3973.92,3.08,305,52.146757,-0.46396,37.5,,3
1165,0,1,3977.44,3.08,305,52.146748,-0.464007,37.4,,5
1166,0,1,3980.95,3.08,305,52.146743,-0.464059,37.4,,5
1167,0,1,3983.49,3.09,305,52.146737,-0.464113,37.3,,3
1168,0,1,3987.13,3.09,306,52.146732,-0.464166,37.2,,3
1169,0,1,3990.66,3.09,306,52.146724,-0.464217,37.2,,2
1170,0,1,3994.01,3.09,306,52.146715,-0.464265,37.2,,3
1171,0,1,3996.99,3.09,306,52.146703,-0.464311,37.1,,3
1172,0,1,4000.88,3.1,307,52.146689,-0.464358,37.1,,2
1173,0,1,4004.43,3.1,307,52.146673,-0.464407,37.0,,1
1174,0,1,4008.09,3.1,307,52.146655,-0.464457,37.0,,3
1175,0,1,4011.9,3.1,307,52.146637,-0.464506,37.0,,3
1176,0,1,4014.96,3.11,308,52.146619,-0.464551,37.1,,2
1177,0,1,4018.74,3.11,308,52.146601,-0.464592,37.1,,3
1178,0,1,4022.22,3.11,308,52.146581,-0.464631,37.1,,3
1179,0,1,4025.73,3.12,308,52.14656,-0.464667,37.1,,3
1180,0,1,4029.15,3.12,309,52.146538,-0.464701,37.2,,3
1181,0,1,4032.19,3.12,309,52.146514,-0.464733,37.2,,2
1182,0,1,4036.39,3.13,309,52.146488,-0.464763,37.2,,3
1183,0,1,4040.21,3.13,309,52.146462,-0.464792,37.2,,2
1184,0,1,4043.78,3.13,310,52.146437,-0.46482,37.3,,4
1185,0,1,4046.76,3.13,310,52.146413,-0.464847,37.3,,5
1186,0,1,4049.38,3.14,310,52.14639,-0.464874,37.3,,5
1187,0,1,4052.14,3.14,310,52.146367,-0.4649,37.4,,3
1188,0,1,4057.01,3.14,311,52.146344,-0.464925,37.4,,3
1189,0,1,4059.94,3.14,311,52.146322,-0.464949,37.4,,3
1190,0,1,4062.97,3.14,311,52.146299,-0.46497,37.4,,2
1191,0,1,4066.03,3.14,311,52.146277,-0.464988,37.5,,3
1192,0,1,4073.4,3.14,312,52.146254,-0.465003,37.5,,3
1193,0,1,4076.91,3.14,312,52.146231,-0.465017,37.5,,3
1194,0,1,4079.83,3.14,312,52.146207,-0.465034,37.6,,2
1195,0,1,4082.95,3.14,312,52.146183,-0.465057,37.6,,3
1196,0,1,4086.07,3.14,313,52.146159,-0.465082,37.7,,3
1197,0,1,4088.59,3.14,313,52.146136,-0.465107,37.7,,3
1198,0,1,4091.4,3.14,313,52.146117,-0.465131,37.8,,2
1199,0,1,4091.4,3.14,313,52.146099,-0.465153,37.8,,3
1200,0,1,4091.4,3.14,314,52.146081,-0.465176,37.8,,3
1201,0,1,4094.12,3.14,314,52.146064,-0.465202,37.9,,3
1202,0,1,4097.32,3.14,314,52.146046,-0.465232,37.9,,2
1203,0,1,4100.58,3.14,314,52.146026,-0.465268,37.9,,3
1204,0,1,4103.89,3.14,315,52.146004,-0.465308,37.9,,3
1205,0,1,4105.69,3.14,315,52.145981,-0.46535,38.0,,2
1206,0,1,4109.5,3.14,315,52.145957,-0.465392,38.0,,3
1207,0,1,4113.32,3.14,316,52.145934,-0.465434,38.0,,3
1208,0,1,4115.97,3.15,316,52.145912,-0.465473,38.0,,3
1209,0,1,4119.24,3.15,316,52.145892,-0.465511,38.0,,2
1210,0,1,4122.33,3.15,316,52.145874,-0.465546,38.0,,3
1211,0,1,4127.27,3.15,317,52.145856,-0.46558,38.0,,3
1212,0,1,4130.56,3.16,317,52.145838,-0.465616,38.0,,3
1213,0,1,4133.62,3.16,317,52.145819,-0.465653,38.0,,2
1214,0,1,4137.42,3.16,317,52.145799,-0.465693,37.9,,3
1215,0,1,4140.89,3.17,318,52.145778,-0.465735,37.9,,6
1216,0,1,4144.37,3.17,318,52.145759,-0.465777,37.9,,6
1217,0,1,4147.24,3.17,318,52.145742,-0.46582,37.9,,2
1218,0,1,4150.4,3.17,318,52.145727,-0.465862,37.9,,4
1219,0,1,4153.99,3.17,319,52.145711,-0.465906,37.9,,2
1220,0,1,4157.9,3.18,319,52.145693,-0.465952,37.9,,3
1221,0,1,4161.11,3.18,319,52.145674,-0.465997,37.8,,3
1222,0,1,4164.68,3.18,319,52.145655,-0.466038,37.8,,3
1223,0,1,4168.61,3.18,320,52.145637,-0.466073,37.8,,2
1224,0,1,4171.51,3.18,320,52.145619,-0.466105,37.8,,3
1225,0,1,4174.58,3.18,320,52.145603,-0.46614,37.8,,1
1226,0,1,4178.63,3.19,320,52.145588,-0.466178,37.8,,3
1227,0,1,4181.68,3.19,321,52.145573,-0.466218,37.8,,3
1228,0,1,4184.97,3.19,321,52.145558,-0.466261,37.8,,2
1229,0,1,4187.9,3.19,321,52.145543,-0.466307,37.8,,3
1230,0,1,4191.6,3.19,321,52.145527,-0.466354,37.9,,3
1231,0,1,4195.09,3.19,322,52.145509,-0.466403,37.9,,3
1232,0,1,4198.26,3.2,322,52.145492,-0.466453,37.9,,2
1233,0,1,4201.7,3.2,322,52.145476,-0.466502,37.9,,3
1234,0,1,4205.05,3.2,323,52.145463,-0.46655,37.9,,2
1235,0,1,4209.55,3.2,323,52.145451,-0.466597,38.0,,4
1236,0,1,4212.97,3.21,323,52.14544,-0.466644,38.0,,2
1237,0,1,4216.26,3.21,323,52.145429,-0.466691,38.0,,3
1238,0,1,4220.18,3.21,324,52.145418,-0.466738,38.0,,3
1239,0,1,4223.34,3.22,324,52.145407,-0.466784,38.1,,3
1240,0,1,4226.79,3.22,324,52.145398,-0.46683,38.1,,2
1241,0,1,4230.2,3.22,324,52.145389,-0.466875,38.1,,3
1242,0,1,4233.35,3.22,325,52.145382,-0.466919,38.2,,3
1243,0,1,4236.63,3.22,325,52.145376,-0.466962,38.2,,3
1244,0,1,4240.04,3.22,325,52.145371,-0.467003,38.2,,2
1245,0,1,4243.05,3.22,325,52.145368,-0.467043,38.3,,6
1246,0,1,4245.62,3.22,326,52.145366,-0.467082,38.3,,6
1247,0,1,4249.04,3.22,326,52.145365,-0.467118,38.3,,3
1248,0,1,4251.84,3.22,326,52.145365,-0.467154,38.3,,3
1249,0,1,4254.54,3.22,326,52.145366,-0.467192,38.4,,2
1250,0,1,4256.91,3.22,327,52.145368,-0.467232,38.4,,3
1251,0,1,4260.14,3.22,327,52.14537,-0.467274,38.4,,3
1252,0,1,4262.96,3.22,327,52.145374,-0.467316,38.4,,2
1253,0,1,4264.86,3.22,327,52.14538,-0.467359,38.5,,3
1254,0,1,4268.08,3.21,328,52.145387,-0.4674,38.5,,3
1255,0,1,4271.19,3.21,328,52.145395,-0.467442,38.5,,3
1256,0,1,4273.62,3.21,328,52.145406,-0.467482,38.5,,3
1257,0,1,4281.74,3.21,328,52.145418,-0.467521,38.5,,2
1258,0,1,4285.69,3.21,329,52.145432,-0.467558,38.5,,3
1259,0,1,4288.6,3.21,329,52.145449,-0.467593,38.5,,3
1260,0,1,4291.65,3.21,329,52.145467,-0.467626,38.4,,2
1261,0,1,4294.58,3.21,330,52.145486,-0.467657,38.4,,3
1262,0,1,4297.56,3.21,330,52.145506,-0.467686,38.4,,3
1263,0,1,4300.56,3.21,330,52.145526,-0.467715,38.4,,3
1264,0,1,4303.45,3.21,330,52.145547,-0.467743,38.3,,3
1265,0,1,4306.35,3.21,331,52.145567,-0.46777,38.3,,2
1266,0,1,4309.19,3.21,331,52.145587,-0.467797,38.3,,3
1267,0,1,4311.95,3.21,331,52.145606,-0.467824,38.3,,3
1268,0,1,4314.83,3.21,331,52.145625,-0.46785,38.3,,2
1269,0,1,4317.71,3.21,332,52.145644,-0.467877,38.2,,3
1270,0,1,4320.66,3.2,332,52.145664,-0.467904,38.2,,3
1271,0,1,4323.53,3.2,332,52.145687,-0.467929,38.2,,3
1272,0,1,4326.4,3.2,332,52.145715,-0.467951,38.1,,3
1273,0,1,4329.99,3.2,333,52.145743,-0.467974,38.1,,2
1274,0,1,4333.64,3.2,333,52.145768,-0.467996,38.1,,3
1275,0,1,4336.75,3.2,333,52.145793,-0.468015,38.0,,5
1276,0,1,4339.83,3.2,333,52.145818,-0.468032,38.0,,5
1277,0,1,4342.73,3.2,334,52.145844,-0.468045,38.0,,4
1278,0,1,4345.79,3.2,334,52.145871,-0.468055,38.1,,2
1279,0,1,4349.03,3.2,334,52.145898,-0.468063,38.2,,3
1280,0,1,4352.46,3.2,334,52.145925,-0.468069,38.3,,3
1281,0,1,4352.46,3.2,335,52.145953,-0.468072,38.4,,3
1282,0,1,4357.15,3.21,335,52.145982,-0.468074,38.5,,2
1283,0,1,4361.32,3.21,335,52.14601,-0.468075,38.6,,3
1284,0,1,4364.5,3.21,335,52.146039,-0.468076,38.7,,3
1285,0,1,4367.51,3.21,336,52.146067,-0.468077,38.8,,2
1286,0,1,4370.52,3.21,336,52.146094,-0.468079,38.9,,3
1287,0,1,4373.59,3.21,336,52.146121,-0.468082,39.0,,3
1288,0,1,4376.67,3.21,337,52.146148,-0.468087,39.1,,3
1289,0,1,4379.84,3.2,337,52.146175,-0.468093,39.2,,2
1290,0,1,4382.98,3.2,337,52.146203,-0.468101,39.3,,3
1291,0,1,4386.06,3.2,337,52.146232,-0.468109,39.4,,3
1292,0,1,4389.36,3.2,338,52.146263,-0.468117,39.5,,3
1293,0,1,4393.05,3.2,338,52.146296,-0.468127,39.7,,5
1294,0,1,4396.68,3.2,338,52.146328,-0.468139,39.8,,5
1295,0,1,4396.68,3.2,338,52.146359,-0.468151,39.9,,3
1296,0,1,4396.68,3.21,339,52.146387,-0.468166,40.0,,5
1297,0,1,4399.96,3.21,339,52.146413,-0.468183,40.1,,5
1298,0,1,4403.18,3.21,339,52.146435,-0.468204,40.2,,3
1299,0,1,4406.17,3.21,339,52.146456,-0.468228,40.2,,3
1300,0,1,4412.35,3.21,340,52.146479,-0.468257,40.3,,3
1301,0,1,4418.62,3.21,340,52.146506,-0.468293,40.4,,2
1302,0,1,4422.73,3.21,340,52.146532,-0.468329,40.5,,3
1303,0,1,4426.38,3.22,340,52.146555,-0.46836,40.7,,3
1304,0,1,4429.69,3.22,341,52.146576,-0.468388,40.8,,3
1305,0,1,4432.91,3.22,341,52.146597,-0.468413,40.9,,5
1306,0,1,4436.2,3.22,341,52.146623,-0.468439,41.1,,5
1307,0,1,4439.73,3.22,341,52.146651,-0.468465,41.3,,3
1308,0,1,4443.37,3.22,342,52.14668,-0.46849,41.5,,3
1309,0,1,4446.75,3.22,342,52.146707,-0.468513,41.8,,3
1310,0,1,4450.08,3.22,342,52.146734,-0.468533,42.0,,2
1311,0,1,4453.64,3.23,343,52.146761,-0.468551,42.3,,3
1312,0,1,4456.75,3.23,343,52.146787,-0.468565,42.5,,3
1313,0,1,4459.65,3.23,343,52.146814,-0.468575,42.8,,5
1314,0,1,4462.33,3.23,343,52.146841,-0.468579,43.0,,3
1315,0,1,4465.52,3.23,344,52.146868,-0.46858,43.2,,3
1316,0,1,4468.67,3.23,344,52.146895,-0.46858,43.4,,3
1317,0,1,4468.67,3.23,344,52.14692,-0.46858,43.6,,2
1318,0,1,4473.01,3.23,344,52.146944,-0.468579,43.8,,3
1319,0,1,4476.79,3.23,345,52.146967,-0.46858,44.0,,3
1320,0,1,4479.24,3.23,345,52.146987,-0.46858,44.2,,3
1321,0,1,4481.6,3.22,345,52.147007,-0.46858,44.3,,2
1322,0,1,4483.79,3.22,345,52.147026,-0.46858,44.5,,3
1323,0,1,4485.68,3.22,346,52.147045,-0.468579,44.6,,3
1324,0,1,4487.8,3.22,346,52.147064,-0.468577,44.8,,2
1325,0,1,4490.1,3.21,346,52.147084,-0.468574,44.9,,3
1326,0,1,4492.32,3.21,346,52.147105,-0.468567,45.1,,6
1327,0,1,4494.63,3.21,347,52.147128,-0.468555,45.3,,6
1328,0,1,4497.14,3.2,347,52.147151,-0.468537,45.4,,3
1329,0,1,4499.98,3.2,347,52.147177,-0.468517,45.6,,2
1330,0,1,4503.27,3.2,347,52.147206,-0.468499,45.8,,3
1331,0,1,4506.56,3.2,348,52.147237,-0.468485,46.0,,3
1332,0,1,4510.5,3.2,348,52.147265,-0.468468,46.2,,2
1333,0,1,4513.73,3.2,348,52.147287,-0.468442,46.4,,3
1334,0,1,4516.73,3.2,348,52.14731,-0.468422,46.5,,3
1335,0,1,4519.89,3.2,349,52.147334,-0.468407,46.7,,5
1336,0,1,4522.66,3.2,349,52.147358,-0.46839,46.9,,5
1337,0,1,4525.48,3.2,349,52.147381,-0.468371,47.1,,3
1338,0,1,4528.49,3.2,350,52.147404,-0.46835,47.2,,3
1339,0,1,4531.34,3.2,350,52.147425,-0.468329,47.4,,3
1340,0,1,4534.09,3.2,350,52.147446,-0.468307,47.5,,2
1341,0,1,4536.89,3.2,350,52.147466,-0.468285,47.7,,3
1342,0,1,4539.58,3.2,351,52.147486,-0.468265,47.8,,3
1343,0,1,4542.32,3.2,351,52.147505,-0.468244,47.9,,2
1344,0,1,4544.95,3.2,351,52.147524,-0.468222,48.1,,3
1345,0,1,4547.36,3.2,351,52.147542,-0.468199,48.2,,3
1346,0,1,4549.87,3.19,352,52.14756,-0.468174,48.4,,3
1347,0,1,4552.5,3.19,352,52.147577,-0.468147,48.5,,3
1348,0,1,4555.37,3.19,352,52.147592,-0.468117,48.6,,2
1349,0,1,4558.26,3.19,352,52.147607,-0.468088,48.7,,3
1350,0,1,4560.94,3.19,353,52.14762,-0.468059,48.7,,3
1351,0,1,4563.69,3.19,353,52.147632,-0.46803,48.8,,2
1352,0,1,4563.69,3.19,353,52.147643,-0.468002,48.8,,3
1353,0,1,4563.69,3.18,353,52.147653,-0.467973,48.9,,3
1354,0,1,4566.28,3.18,354,52.147664,-0.467944,48.9,,2
1355,0,1,4568.3,3.18,354,52.147674,-0.467913,49.0,,3
1356,0,1,4571.42,3.18,354,52.147684,-0.467882,49.0,,3
1357,0,1,4574.34,3.18,354,52.147695,-0.467849,49.0,,3
1358,0,1,4575.99,3.18,355,52.147705,-0.467814,49.0,,3
1359,0,1,4579.27,3.17,355,52.147714,-0.467778,49.0,,2
1360,0,1,4582.24,3.17,355,52.147722,-0.46774,49.0,,3
1361,0,1,4585.33,3.17,355,52.147727,-0.4677,49.0,,3
1362,0,1,4588.62,3.17,356,52.14773,-0.467656,48.9,,3
1363,0,1,4588.62,3.16,356,52.147732,-0.467607,48.9,,3
1364,0,1,4588.62,3.16,356,52.147732,-0.467559,48.8,,2
1365,0,1,4592.38,3.16,357,52.147731,-0.467511,48.7,,6
1366,0,1,4596.04,3.16,357,52.147731,-0.467464,48.6,,6
1367,0,1,4596.66,3.16,357,52.147731,-0.467415,48.4,,3
1368,0,1,4600.14,3.16,357,52.147732,-0.467364,48.3,,3
1369,0,1,4603.87,3.16,358,52.14773,-0.467312,48.1,,2
1370,0,1,4609.07,3.16,358,52.147727,-0.46726,47.9,,3
1371,0,1,4612.68,3.16,358,52.147722,-0.467207,47.7,,3
1372,0,1,4616.36,3.16,358,52.147717,-0.467155,47.5,,3
1373,0,1,4619.96,3.16,359,52.14771,-0.467104,47.3,,5
1374,0,1,4629.23,3.16,359,52.147704,-0.467054,47.1,,3
1375,0,1,4633.91,3.16,359,52.147698,-0.467005,47.0,,3
1376,0,1,4637.59,3.16,359,52.147692,-0.466958,46.8,,3
1377,0,1,4637.93,3.16,360,52.147687,-0.466911,46.6,,3
1378,0,1,4641.5,3.16,360,52.147682,-0.466865,46.5,,5
1379,0,1,4645.44,3.17,360,52.147677,-0.466818,46.3,,5
1380,0,1,4645.44,3.17,360,52.147672,-0.466771,46.1,,3
1381,0,1,4645.44,3.17,361,52.147668,-0.466723,46.0,,3
1382,0,1,4648.89,3.17,361,52.147665,-0.466675,45.8,,3
1383,0,1,4654.03,3.17,361,52.147662,-0.466626,45.7,,2
1384,0,1,4657.63,3.17,361,52.147661,-0.466578,45.5,,3
1385,0,1,4661.08,3.17,362,52.147662,-0.46653,45.4,,3
1386,0,1,4663.83,3.17,362,52.147664,-0.466483,45.3,,3
1387,0,1,4667.37,3.17,362,52.147668,-0.466434,45.1,,3
1388,0,1,4671.34,3.17,363,52.147673,-0.466382,45.0,,3
1389,0,1,4673.91,3.17,363,52.14768,-0.466326,44.9,,2
1390,0,1,4677.82,3.17,363,52.147688,-0.466271,44.7,,3
1391,0,1,4681.54,3.18,363,52.147697,-0.466221,44.6,,2
1392,0,1,4684.83,3.18,364,52.147708,-0.466176,44.5,,3
1393,0,1,4688.31,3.18,364,52.14772,-0.466133,44.4,,3
1394,0,1,4691.86,3.18,364,52.147733,-0.466088,44.3,,3
1395,0,1,4695.35,3.18,364,52.147744,-0.466042,44.2,,5
1396,0,1,4698.74,3.19,365,52.147749,-0.465996,44.1,,5
1397,0,1,4701.87,3.19,365,52.147745,-0.46595,44.0,,4
1398,0,1,4705.16,3.19,365,52.147736,-0.465903,43.8,,3
1399,0,1,4708.9,3.19,365,52.147727,-0.465853,43.6,,2
1400,0,1,4712.53,3.19,366,52.14772,-0.4658,43.4,,3
1401,0,1,4715.17,3.19,366,52.147713,-0.465748,43.3,,3
1402,0,1,4718.64,3.19,366,52.147699,-0.4657,43.1,,3
1403,0,1,4722.59,3.19,366,52.147677,-0.465655,42.9,,5
1404,0,1,4726.03,3.19,367,52.147649,-0.465611,42.7,,5
1405,0,1,4731.08,3.2,367,52.147614,-0.465566,42.5,,4
1406,0,1,4736.18,3.2,367,52.147575,-0.465521,42.4,,3
1407,0,1,4738.47,3.2,367,52.147534,-0.465477,42.2,,3
1408,0,1,4743.68,3.75,368,52.147496,-0.465436,42.0,,3
1409,0,1,4748.77,4.06,368,52.147458,-0.465397,41.8,,6
1410,0,1,4753.71,4.19,368,52.147421,-0.465359,41.5,,6
1411,0,1,4767.21,4.32,369,52.147385,-0.465322,41.2,,3
1412,0,1,4773.82,4.42,369,52.147349,-0.465284,41.0,,3
1413,0,1,4778.89,4.51,369,52.147312,-0.465246,40.7,,3
1414,0,1,4784.04,4.57,370,52.147274,-0.465206,40.4,,2
1415,0,1,4789.13,4.62,370,52.147237,-0.465166,40.1,,4
1416,0,1,4794.22,4.67,370,52.1472,-0.465126,39.9,,2
1417,0,1,4799.3,4.66,371,52.147164,-0.465087,39.6,,3
1418,0,1,4803.86,4.6,371,52.147129,-0.465049,39.3,,3
1419,0,1,4808.21,4.55,371,52.147096,-0.465013,39.1,,3
1420,0,1,4812.62,4.51,372,52.147064,-0.464978,38.9,,3
1421,0,1,4817.09,4.47,372,52.147035,-0.464946,38.7,,6
1422,0,1,4821.36,4.34,372,52.147008,-0.464917,38.6,,6
1423,0,1,4824.94,4.09,373,52.146984,-0.464892,38.5,,3
1424,-1,,4824.94,,,,,,,